well,od,time
A 1,0.0533,0
A 1,0.0534,2700
A 1,0.0538,5400
A 1,0.0533,8100
A 1,0.0535,10800
A 1,0.0536,13500
A 1,0.0526,16200
A 1,0.0522,18900
A 1,0.0536,21600
A 1,0.0538,24300
A 1,0.0535,27000
A 1,0.0531,29700
A 1,0.0539,32400
A 1,0.0529,35100
A 1,0.0535,37800
A 1,0.0539,40500
A 1,0.0533,43200
A 1,0.0539,45900
A 1,0.0534,48600
A 1,0.0534,51300
A 1,0.053,54000
A 1,0.0538,56700
A 1,0.0531,59400
A 1,0.0531,62100
A 1,0.053,64800
A 1,0.053,67500
A 1,0.0537,70200
A 1,0.054,72900
A 1,0.0535,75600
A 1,0.0528,78300
A 1,0.0526,81000
A 1,0.0528,83700
A 2,0.0498,0.02
A 2,0.0495,2700.02
A 2,0.0495,5400.02
A 2,0.0502,8100.02
A 2,0.0502,10800.02
A 2,0.0492,13500.02
A 2,0.05,16200.02
A 2,0.0489,18900.02
A 2,0.0498,21600.02
A 2,0.0493,24300.02
A 2,0.05,27000.02
A 2,0.0494,29700.02
A 2,0.0502,32400.02
A 2,0.0494,35100.02
A 2,0.0498,37800.02
A 2,0.05,40500.02
A 2,0.0507,43200.02
A 2,0.0498,45900.02
A 2,0.0498,48600.02
A 2,0.0487,51300.02
A 2,0.0492,54000.02
A 2,0.0494,56700.02
A 2,0.0498,59400.02
A 2,0.0497,62100.02
A 2,0.049,64800.02
A 2,0.0492,67500.02
A 2,0.0498,70200.02
A 2,0.05,72900.02
A 2,0.0498,75600.02
A 2,0.0494,78300.02
A 2,0.0492,81000.02
A 2,0.0487,83700.02
A 3,0.054,0.04
A 3,0.0531,2700.04
A 3,0.0537,5400.04
A 3,0.0538,8100.04
A 3,0.0538,10800.04
A 3,0.0545,13500.04
A 3,0.0545,16200.04
A 3,0.0533,18900.04
A 3,0.054,21600.04
A 3,0.0546,24300.04
A 3,0.0543,27000.04
A 3,0.0538,29700.04
A 3,0.0536,32400.04
A 3,0.053,35100.04
A 3,0.0539,37800.04
A 3,0.0541,40500.04
A 3,0.0549,43200.04
A 3,0.0542,45900.04
A 3,0.0542,48600.04
A 3,0.0542,51300.04
A 3,0.0536,54000.04
A 3,0.0528,56700.04
A 3,0.0535,59400.04
A 3,0.0535,62100.04
A 3,0.0535,64800.04
A 3,0.0538,67500.04
A 3,0.0542,70200.04
A 3,0.0545,72900.04
A 3,0.0541,75600.04
A 3,0.0534,78300.04
A 3,0.0534,81000.04
A 3,0.0532,83700.04
A 4,0.0517,0.06
A 4,0.0512,2700.06
A 4,0.0513,5400.06
A 4,0.051,8100.06
A 4,0.0516,10800.06
A 4,0.0517,13500.06
A 4,0.0524,16200.06
A 4,0.0508,18900.06
A 4,0.0511,21600.06
A 4,0.0516,24300.06
A 4,0.0517,27000.06
A 4,0.0514,29700.06
A 4,0.0512,32400.06
A 4,0.051,35100.06
A 4,0.0513,37800.06
A 4,0.0517,40500.06
A 4,0.0516,43200.06
A 4,0.0528,45900.06
A 4,0.0517,48600.06
A 4,0.0507,51300.06
A 4,0.0514,54000.06
A 4,0.0518,56700.06
A 4,0.0518,59400.06
A 4,0.0517,62100.06
A 4,0.0512,64800.06
A 4,0.0512,67500.06
A 4,0.0519,70200.06
A 4,0.0512,72900.06
A 4,0.0506,75600.06
A 4,0.0511,78300.06
A 4,0.051,81000.06
A 4,0.0507,83700.06
A 5,0.0616,0.08
A 5,0.0616,2700.07
A 5,0.0612,5400.07
A 5,0.0607,8100.07
A 5,0.0615,10800.07
A 5,0.0613,13500.07
A 5,0.0608,16200.07
A 5,0.061,18900.07
A 5,0.0615,21600.07
A 5,0.0616,24300.07
A 5,0.0617,27000.07
A 5,0.0614,29700.07
A 5,0.0614,32400.07
A 5,0.0606,35100.07
A 5,0.061,37800.07
A 5,0.0621,40500.07
A 5,0.0618,43200.07
A 5,0.0624,45900.07
A 5,0.0617,48600.07
A 5,0.0613,51300.07
A 5,0.0611,54000.07
A 5,0.0605,56700.07
A 5,0.0605,59400.07
A 5,0.0612,62100.07
A 5,0.0612,64800.07
A 5,0.0613,67500.07
A 5,0.0612,70200.07
A 5,0.0616,72900.07
A 5,0.0616,75600.07
A 5,0.0607,78300.07
A 5,0.0609,81000.07
A 5,0.0606,83700.07
A 6,0.0576,0.09
A 6,0.0566,2700.09
A 6,0.057,5400.09
A 6,0.0569,8100.09
A 6,0.0578,10800.09
A 6,0.0566,13500.09
A 6,0.0567,16200.09
A 6,0.0565,18900.09
A 6,0.0573,21600.09
A 6,0.0572,24300.09
A 6,0.0573,27000.09
A 6,0.0574,29700.09
A 6,0.0572,32400.09
A 6,0.0564,35100.09
A 6,0.0573,37800.09
A 6,0.0572,40500.09
A 6,0.0574,43200.09
A 6,0.0586,45900.09
A 6,0.0573,48600.09
A 6,0.0562,51300.09
A 6,0.0569,54000.09
A 6,0.0571,56700.09
A 6,0.0567,59400.09
A 6,0.0571,62100.09
A 6,0.0569,64800.09
A 6,0.057,67500.09
A 6,0.0571,70200.09
A 6,0.0579,72900.09
A 6,0.057,75600.09
A 6,0.0571,78300.09
A 6,0.0567,81000.09
A 6,0.0572,83700.09
A 7,0.0565,0.11
A 7,0.0556,2700.11
A 7,0.0556,5400.11
A 7,0.0557,8100.11
A 7,0.0565,10800.11
A 7,0.0558,13500.11
A 7,0.0558,16200.11
A 7,0.0551,18900.11
A 7,0.0557,21600.11
A 7,0.0557,24300.11
A 7,0.0558,27000.11
A 7,0.0555,29700.11
A 7,0.0554,32400.11
A 7,0.0551,35100.11
A 7,0.0556,37800.11
A 7,0.056,40500.11
A 7,0.0561,43200.11
A 7,0.0562,45900.11
A 7,0.0561,48600.11
A 7,0.056,51300.11
A 7,0.0548,54000.11
A 7,0.0563,56700.11
A 7,0.0555,59400.11
A 7,0.0554,62100.11
A 7,0.0561,64800.11
A 7,0.0556,67500.11
A 7,0.0554,70200.11
A 7,0.0553,72900.11
A 7,0.0561,75600.11
A 7,0.055,78300.11
A 7,0.056,81000.11
A 7,0.0561,83700.11
A 8,0.056,0.13
A 8,0.0554,2700.13
A 8,0.0559,5400.13
A 8,0.0558,8100.13
A 8,0.0559,10800.13
A 8,0.0559,13500.13
A 8,0.0565,16200.13
A 8,0.0553,18900.13
A 8,0.0561,21600.13
A 8,0.0558,24300.13
A 8,0.0563,27000.13
A 8,0.0557,29700.13
A 8,0.0559,32400.13
A 8,0.0547,35100.13
A 8,0.0552,37800.13
A 8,0.056,40500.13
A 8,0.0556,43200.13
A 8,0.0558,45900.13
A 8,0.0558,48600.13
A 8,0.0553,51300.13
A 8,0.0549,54000.13
A 8,0.0554,56700.13
A 8,0.0554,59400.13
A 8,0.0554,62100.13
A 8,0.0555,64800.13
A 8,0.0552,67500.13
A 8,0.0556,70200.13
A 8,0.0564,72900.13
A 8,0.0551,75600.13
A 8,0.0556,78300.13
A 8,0.0551,81000.13
A 8,0.0548,83700.13
A 9,0.0548,0.15
A 9,0.0546,2700.15
A 9,0.0554,5400.15
A 9,0.0556,8100.15
A 9,0.0551,10800.15
A 9,0.0553,13500.15
A 9,0.0545,16200.15
A 9,0.0545,18900.15
A 9,0.0556,21600.15
A 9,0.0552,24300.15
A 9,0.0557,27000.15
A 9,0.055,29700.15
A 9,0.0554,32400.15
A 9,0.0551,35100.15
A 9,0.0547,37800.15
A 9,0.0554,40500.15
A 9,0.0558,43200.15
A 9,0.0554,45900.15
A 9,0.0546,48600.15
A 9,0.0538,51300.15
A 9,0.055,54000.15
A 9,0.0551,56700.15
A 9,0.0546,59400.15
A 9,0.0551,62100.15
A 9,0.0542,64800.15
A 9,0.0546,67500.15
A 9,0.0548,70200.15
A 9,0.0555,72900.15
A 9,0.0547,75600.15
A 9,0.0552,78300.15
A 9,0.0547,81000.15
A 9,0.054,83700.15
A 10,0.0549,0.17
A 10,0.0535,2700.17
A 10,0.0541,5400.17
A 10,0.0547,8100.17
A 10,0.0545,10800.17
A 10,0.0554,13500.17
A 10,0.0548,16200.17
A 10,0.0537,18900.17
A 10,0.0546,21600.17
A 10,0.0552,24300.17
A 10,0.0555,27000.17
A 10,0.0539,29700.17
A 10,0.0548,32400.17
A 10,0.0538,35100.17
A 10,0.0548,37800.17
A 10,0.0541,40500.17
A 10,0.0554,43200.17
A 10,0.055,45900.17
A 10,0.0549,48600.17
A 10,0.0541,51300.17
A 10,0.054,54000.17
A 10,0.0542,56700.17
A 10,0.0544,59400.17
A 10,0.054,62100.17
A 10,0.0545,64800.17
A 10,0.0546,67500.17
A 10,0.0543,70200.17
A 10,0.0553,72900.17
A 10,0.0543,75600.17
A 10,0.0546,78300.17
A 10,0.0545,81000.17
A 10,0.0534,83700.17
A 11,0.0524,0.19
A 11,0.0513,2700.19
A 11,0.0525,5400.19
A 11,0.0519,8100.19
A 11,0.0513,10800.19
A 11,0.0519,13500.19
A 11,0.0514,16200.18
A 11,0.051,18900.19
A 11,0.0517,21600.19
A 11,0.0527,24300.19
A 11,0.0526,27000.19
A 11,0.0514,29700.19
A 11,0.0514,32400.19
A 11,0.0513,35100.19
A 11,0.0519,37800.19
A 11,0.0521,40500.18
A 11,0.0522,43200.19
A 11,0.0516,45900.19
A 11,0.0518,48600.19
A 11,0.0507,51300.19
A 11,0.0511,54000.19
A 11,0.0513,56700.19
A 11,0.0524,59400.19
A 11,0.0513,62100.19
A 11,0.0511,64800.19
A 11,0.0518,67500.19
A 11,0.0516,70200.19
A 11,0.0524,72900.19
A 11,0.0514,75600.19
A 11,0.0513,78300.19
A 11,0.0508,81000.19
A 11,0.0513,83700.19
A 12,0.0508,0.21
A 12,0.05,2700.2
A 12,0.0504,5400.2
A 12,0.0503,8100.2
A 12,0.0508,10800.2
A 12,0.0503,13500.2
A 12,0.0499,16200.2
A 12,0.0493,18900.2
A 12,0.051,21600.2
A 12,0.0508,24300.2
A 12,0.05,27000.2
A 12,0.0502,29700.2
A 12,0.0507,32400.2
A 12,0.0492,35100.2
A 12,0.0501,37800.2
A 12,0.0509,40500.2
A 12,0.0516,43200.2
A 12,0.0508,45900.2
A 12,0.0499,48600.2
A 12,0.0498,51300.2
A 12,0.0499,54000.2
A 12,0.0505,56700.2
A 12,0.0499,59400.2
A 12,0.0494,62100.2
A 12,0.0497,64800.2
A 12,0.05,67500.2
A 12,0.0501,70200.2
A 12,0.0507,72900.2
A 12,0.0502,75600.2
A 12,0.0497,78300.2
A 12,0.05,81000.2
A 12,0.0499,83700.2
B 1,0.0539,0.83
B 1,0.0524,2700.83
B 1,0.0535,5400.83
B 1,0.0525,8100.83
B 1,0.0533,10800.83
B 1,0.053,13500.83
B 1,0.0526,16200.83
B 1,0.0518,18900.83
B 1,0.0529,21600.83
B 1,0.0536,24300.83
B 1,0.053,27000.83
B 1,0.0527,29700.83
B 1,0.0528,32400.83
B 1,0.0524,35100.83
B 1,0.0534,37800.83
B 1,0.0532,40500.83
B 1,0.0534,43200.83
B 1,0.0531,45900.83
B 1,0.0529,48600.83
B 1,0.0522,51300.83
B 1,0.0523,54000.83
B 1,0.0531,56700.83
B 1,0.0524,59400.83
B 1,0.052,62100.83
B 1,0.0523,64800.83
B 1,0.0527,67500.83
B 1,0.0534,70200.83
B 1,0.053,72900.83
B 1,0.0525,75600.83
B 1,0.0526,78300.83
B 1,0.0519,81000.83
B 1,0.0521,83700.83
B 2,0.0715,0.81
B 2,0.0711,2700.81
B 2,0.072,5400.81
B 2,0.0713,8100.81
B 2,0.0708,10800.81
B 2,0.0719,13500.81
B 2,0.0716,16200.81
B 2,0.0698,18900.81
B 2,0.0718,21600.81
B 2,0.0717,24300.81
B 2,0.0717,27000.81
B 2,0.0719,29700.81
B 2,0.0722,32400.81
B 2,0.071,35100.81
B 2,0.0713,37800.81
B 2,0.0716,40500.81
B 2,0.0716,43200.81
B 2,0.0718,45900.81
B 2,0.0712,48600.81
B 2,0.0709,51300.81
B 2,0.0704,54000.81
B 2,0.0705,56700.81
B 2,0.0705,59400.81
B 2,0.0708,62100.81
B 2,0.0701,64800.81
B 2,0.0702,67500.81
B 2,0.0703,70200.81
B 2,0.0707,72900.81
B 2,0.0708,75600.81
B 2,0.0702,78300.81
B 2,0.0696,81000.81
B 2,0.0701,83700.81
B 3,0.0387,0.8
B 3,0.038,2700.79
B 3,0.0383,5400.79
B 3,0.0379,8100.79
B 3,0.038,10800.79
B 3,0.0388,13500.79
B 3,0.0385,16200.79
B 3,0.0371,18900.79
B 3,0.0383,21600.79
B 3,0.0381,24300.79
B 3,0.0387,27000.79
B 3,0.0381,29700.79
B 3,0.0384,32400.79
B 3,0.0378,35100.79
B 3,0.0386,37800.79
B 3,0.0382,40500.79
B 3,0.0384,43200.79
B 3,0.039,45900.79
B 3,0.0384,48600.79
B 3,0.0375,51300.79
B 3,0.0385,54000.79
B 3,0.0383,56700.79
B 3,0.0381,59400.79
B 3,0.0389,62100.79
B 3,0.0385,64800.79
B 3,0.0376,67500.79
B 3,0.0383,70200.79
B 3,0.039,72900.79
B 3,0.0381,75600.79
B 3,0.038,78300.79
B 3,0.0385,81000.79
B 3,0.038,83700.79
B 4,0.0394,0.78
B 4,0.0389,2700.78
B 4,0.0393,5400.78
B 4,0.0386,8100.78
B 4,0.0392,10800.78
B 4,0.0384,13500.78
B 4,0.0391,16200.78
B 4,0.0389,18900.78
B 4,0.0397,21600.78
B 4,0.0394,24300.78
B 4,0.0398,27000.78
B 4,0.039,29700.78
B 4,0.0396,32400.78
B 4,0.0385,35100.78
B 4,0.0385,37800.78
B 4,0.0396,40500.78
B 4,0.0407,43200.78
B 4,0.0399,45900.78
B 4,0.039,48600.78
B 4,0.0385,51300.78
B 4,0.0393,54000.78
B 4,0.0389,56700.78
B 4,0.0394,59400.78
B 4,0.039,62100.78
B 4,0.0388,64800.78
B 4,0.0389,67500.78
B 4,0.0395,70200.78
B 4,0.0396,72900.78
B 4,0.039,75600.78
B 4,0.0388,78300.78
B 4,0.0396,81000.78
B 4,0.0389,83700.78
B 5,0.0392,0.76
B 5,0.0392,2700.76
B 5,0.0393,5400.76
B 5,0.0388,8100.76
B 5,0.0403,10800.76
B 5,0.0399,13500.76
B 5,0.0396,16200.76
B 5,0.0389,18900.76
B 5,0.0393,21600.76
B 5,0.0397,24300.76
B 5,0.0396,27000.76
B 5,0.0394,29700.76
B 5,0.0394,32400.76
B 5,0.0379,35100.76
B 5,0.039,37800.76
B 5,0.0399,40500.76
B 5,0.0401,43200.76
B 5,0.04,45900.76
B 5,0.0393,48600.76
B 5,0.0385,51300.76
B 5,0.0389,54000.76
B 5,0.0383,56700.76
B 5,0.0391,59400.76
B 5,0.0388,62100.76
B 5,0.0385,64800.76
B 5,0.0393,67500.76
B 5,0.0399,70200.76
B 5,0.0397,72900.76
B 5,0.0391,75600.76
B 5,0.0392,78300.76
B 5,0.0391,81000.76
B 5,0.0389,83700.76
B 6,0.0382,0.74
B 6,0.0384,2700.74
B 6,0.0383,5400.74
B 6,0.038,8100.74
B 6,0.0387,10800.74
B 6,0.0378,13500.74
B 6,0.0387,16200.74
B 6,0.0381,18900.74
B 6,0.038,21600.74
B 6,0.0386,24300.74
B 6,0.0387,27000.74
B 6,0.0389,29700.74
B 6,0.0379,32400.74
B 6,0.0382,35100.74
B 6,0.0383,37800.74
B 6,0.0385,40500.74
B 6,0.039,43200.74
B 6,0.0393,45900.74
B 6,0.0381,48600.74
B 6,0.0376,51300.74
B 6,0.0373,54000.74
B 6,0.038,56700.74
B 6,0.0379,59400.74
B 6,0.038,62100.74
B 6,0.0383,64800.74
B 6,0.0377,67500.74
B 6,0.0376,70200.74
B 6,0.0385,72900.74
B 6,0.0381,75600.74
B 6,0.0381,78300.74
B 6,0.0377,81000.74
B 6,0.0375,83700.74
B 7,0.0398,0.72
B 7,0.0385,2700.72
B 7,0.0396,5400.72
B 7,0.0387,8100.72
B 7,0.0394,10800.72
B 7,0.0387,13500.72
B 7,0.0392,16200.72
B 7,0.038,18900.72
B 7,0.0391,21600.72
B 7,0.0397,24300.72
B 7,0.0394,27000.72
B 7,0.0394,29700.72
B 7,0.0382,32400.72
B 7,0.0386,35100.72
B 7,0.0387,37800.72
B 7,0.0394,40500.72
B 7,0.0404,43200.72
B 7,0.04,45900.72
B 7,0.0393,48600.72
B 7,0.0379,51300.72
B 7,0.0386,54000.72
B 7,0.0382,56700.72
B 7,0.0388,59400.72
B 7,0.0387,62100.72
B 7,0.0387,64800.72
B 7,0.0384,67500.72
B 7,0.039,70200.72
B 7,0.04,72900.72
B 7,0.0385,75600.72
B 7,0.0382,78300.72
B 7,0.0388,81000.72
B 7,0.0385,83700.72
B 8,0.039,0.7
B 8,0.0384,2700.7
B 8,0.0382,5400.7
B 8,0.0381,8100.7
B 8,0.0379,10800.7
B 8,0.038,13500.7
B 8,0.039,16200.7
B 8,0.0374,18900.7
B 8,0.0387,21600.7
B 8,0.0384,24300.7
B 8,0.0388,27000.7
B 8,0.0378,29700.7
B 8,0.0384,32400.7
B 8,0.0376,35100.7
B 8,0.0379,37800.7
B 8,0.0385,40500.7
B 8,0.0389,43200.7
B 8,0.0388,45900.7
B 8,0.0376,48600.7
B 8,0.0375,51300.7
B 8,0.0379,54000.7
B 8,0.0385,56700.7
B 8,0.038,59400.7
B 8,0.0379,62100.7
B 8,0.0379,64800.7
B 8,0.038,67500.7
B 8,0.0381,70200.7
B 8,0.0381,72900.7
B 8,0.0383,75600.7
B 8,0.0381,78300.7
B 8,0.0382,81000.7
B 8,0.037,83700.7
B 9,0.0393,0.69
B 9,0.0385,2700.68
B 9,0.0382,5400.68
B 9,0.0386,8100.68
B 9,0.0384,10800.68
B 9,0.0389,13500.68
B 9,0.0386,16200.68
B 9,0.038,18900.68
B 9,0.0383,21600.68
B 9,0.0385,24300.68
B 9,0.0386,27000.68
B 9,0.0384,29700.68
B 9,0.039,32400.68
B 9,0.0378,35100.68
B 9,0.0381,37800.68
B 9,0.0388,40500.68
B 9,0.0388,43200.68
B 9,0.0395,45900.68
B 9,0.039,48600.68
B 9,0.0381,51300.68
B 9,0.038,54000.68
B 9,0.0386,56700.68
B 9,0.0384,59400.68
B 9,0.0379,62100.68
B 9,0.038,64800.68
B 9,0.0382,67500.68
B 9,0.0381,70200.68
B 9,0.0381,72900.68
B 9,0.0381,75600.68
B 9,0.0385,78300.68
B 9,0.038,81000.68
B 9,0.038,83700.68
B 10,0.0394,0.67
B 10,0.0396,2700.67
B 10,0.0401,5400.67
B 10,0.0396,8100.67
B 10,0.0389,10800.67
B 10,0.0398,13500.67
B 10,0.0401,16200.67
B 10,0.0387,18900.67
B 10,0.0396,21600.67
B 10,0.0399,24300.67
B 10,0.0403,27000.67
B 10,0.039,29700.67
B 10,0.0392,32400.67
B 10,0.0382,35100.67
B 10,0.04,37800.67
B 10,0.0396,40500.67
B 10,0.0401,43200.67
B 10,0.0399,45900.67
B 10,0.0395,48600.67
B 10,0.039,51300.67
B 10,0.0398,54000.67
B 10,0.039,56700.67
B 10,0.0392,59400.67
B 10,0.0392,62100.67
B 10,0.0389,64800.67
B 10,0.0394,67500.67
B 10,0.0393,70200.67
B 10,0.0399,72900.67
B 10,0.0393,75600.67
B 10,0.0393,78300.67
B 10,0.0389,81000.67
B 10,0.0385,83700.67
B 11,0.0413,0.65
B 11,0.0414,2700.65
B 11,0.041,5400.65
B 11,0.0409,8100.65
B 11,0.041,10800.65
B 11,0.0412,13500.65
B 11,0.0414,16200.65
B 11,0.0404,18900.65
B 11,0.0406,21600.65
B 11,0.0413,24300.65
B 11,0.0415,27000.65
B 11,0.0407,29700.65
B 11,0.0409,32400.65
B 11,0.0403,35100.65
B 11,0.0412,37800.65
B 11,0.0416,40500.65
B 11,0.0421,43200.65
B 11,0.0418,45900.65
B 11,0.0414,48600.65
B 11,0.0404,51300.65
B 11,0.0405,54000.65
B 11,0.0409,56700.65
B 11,0.0411,59400.65
B 11,0.0411,62100.65
B 11,0.0409,64800.65
B 11,0.0402,67500.65
B 11,0.0408,70200.65
B 11,0.041,72900.65
B 11,0.0408,75600.65
B 11,0.041,78300.65
B 11,0.0406,81000.65
B 11,0.0404,83700.65
B 12,0.0437,0.63
B 12,0.0424,2700.63
B 12,0.0431,5400.63
B 12,0.0427,8100.63
B 12,0.0436,10800.63
B 12,0.0431,13500.63
B 12,0.0438,16200.63
B 12,0.0419,18900.63
B 12,0.0425,21600.63
B 12,0.0428,24300.63
B 12,0.0438,27000.63
B 12,0.0436,29700.63
B 12,0.043,32400.63
B 12,0.0426,35100.63
B 12,0.0427,37800.63
B 12,0.043,40500.63
B 12,0.0435,43200.63
B 12,0.043,45900.63
B 12,0.0436,48600.63
B 12,0.0417,51300.63
B 12,0.0423,54000.63
B 12,0.0427,56700.63
B 12,0.0425,59400.63
B 12,0.0428,62100.63
B 12,0.0428,64800.63
B 12,0.0422,67500.63
B 12,0.0431,70200.63
B 12,0.0432,72900.63
B 12,0.0423,75600.63
B 12,0.0421,78300.63
B 12,0.0421,81000.63
B 12,0.0418,83700.63
C 1,0.0405,1.26
C 1,0.0418,2701.26
C 1,0.0417,5401.26
C 1,0.0423,8101.26
C 1,0.0446,10801.26
C 1,0.0464,13501.26
C 1,0.0459,16201.26
C 1,0.0454,18901.26
C 1,0.0487,21601.26
C 1,0.0487,24301.26
C 1,0.0505,27001.26
C 1,0.0525,29701.26
C 1,0.0538,32401.26
C 1,0.0534,35101.26
C 1,0.0558,37801.26
C 1,0.0562,40501.26
C 1,0.0573,43201.26
C 1,0.0582,45901.26
C 1,0.0579,48601.26
C 1,0.0577,51301.26
C 1,0.058,54001.26
C 1,0.0593,56701.26
C 1,0.0595,59401.26
C 1,0.0598,62101.26
C 1,0.0607,64801.26
C 1,0.061,67501.26
C 1,0.0617,70201.26
C 1,0.063,72901.26
C 1,0.063,75601.26
C 1,0.0627,78301.26
C 1,0.0635,81001.26
C 1,0.0635,83701.26
C 2,0.0403,1.28
C 2,0.0389,2701.27
C 2,0.039,5401.27
C 2,0.0391,8101.27
C 2,0.0406,10801.27
C 2,0.0405,13501.27
C 2,0.0411,16201.27
C 2,0.042,18901.27
C 2,0.0429,21601.27
C 2,0.0454,24301.27
C 2,0.0472,27001.27
C 2,0.048,29701.27
C 2,0.0485,32401.27
C 2,0.0488,35101.27
C 2,0.0518,37801.27
C 2,0.0533,40501.27
C 2,0.0542,43201.27
C 2,0.0548,45901.27
C 2,0.0555,48601.27
C 2,0.056,51301.27
C 2,0.0569,54001.27
C 2,0.0576,56701.27
C 2,0.059,59401.27
C 2,0.0606,62101.27
C 2,0.0627,64801.27
C 2,0.066,67501.27
C 2,0.0697,70201.27
C 2,0.0734,72901.27
C 2,0.0765,75601.27
C 2,0.0804,78301.27
C 2,0.0852,81001.27
C 2,0.0888,83701.27
C 3,0.0393,1.29
C 3,0.0389,2701.29
C 3,0.0389,5401.29
C 3,0.0394,8101.29
C 3,0.0402,10801.29
C 3,0.0419,13501.29
C 3,0.0419,16201.29
C 3,0.0421,18901.29
C 3,0.0442,21601.29
C 3,0.0457,24301.29
C 3,0.0459,27001.29
C 3,0.0477,29701.29
C 3,0.0502,32401.29
C 3,0.0511,35101.29
C 3,0.0524,37801.29
C 3,0.0541,40501.29
C 3,0.0555,43201.29
C 3,0.0569,45901.29
C 3,0.0577,48601.29
C 3,0.0575,51301.29
C 3,0.0609,54001.29
C 3,0.0616,56701.29
C 3,0.0643,59401.29
C 3,0.0677,62101.29
C 3,0.0696,64801.29
C 3,0.0717,67501.29
C 3,0.0752,70201.29
C 3,0.0782,72901.29
C 3,0.0807,75601.29
C 3,0.0828,78301.29
C 3,0.0865,81001.29
C 3,0.0894,83701.29
C 4,0.0395,1.31
C 4,0.0388,2701.31
C 4,0.0391,5401.31
C 4,0.0391,8101.31
C 4,0.0392,10801.31
C 4,0.0391,13501.31
C 4,0.0396,16201.31
C 4,0.0376,18901.31
C 4,0.0389,21601.31
C 4,0.0397,24301.31
C 4,0.0397,27001.31
C 4,0.0393,29701.31
C 4,0.0394,32401.31
C 4,0.0382,35101.31
C 4,0.0387,37801.31
C 4,0.0396,40501.31
C 4,0.0403,43201.31
C 4,0.0398,45901.31
C 4,0.0395,48601.31
C 4,0.0388,51301.31
C 4,0.0383,54001.31
C 4,0.0386,56701.31
C 4,0.0386,59401.31
C 4,0.0392,62101.31
C 4,0.0388,64801.31
C 4,0.039,67501.31
C 4,0.039,70201.31
C 4,0.0388,72901.31
C 4,0.0385,75601.31
C 4,0.0385,78301.31
C 4,0.0393,81001.31
C 4,0.0386,83701.31
C 5,0.0398,1.33
C 5,0.0384,2701.33
C 5,0.0401,5401.33
C 5,0.0396,8101.33
C 5,0.0403,10801.33
C 5,0.0415,13501.33
C 5,0.0416,16201.33
C 5,0.0423,18901.33
C 5,0.0441,21601.33
C 5,0.0462,24301.33
C 5,0.0459,27001.33
C 5,0.0503,29701.33
C 5,0.052,32401.33
C 5,0.0519,35101.33
C 5,0.0536,37801.33
C 5,0.0547,40501.33
C 5,0.0554,43201.33
C 5,0.0572,45901.33
C 5,0.0585,48601.33
C 5,0.0591,51301.33
C 5,0.062,54001.33
C 5,0.0647,56701.33
C 5,0.0682,59401.33
C 5,0.0708,62101.33
C 5,0.0751,64801.33
C 5,0.0784,67501.33
C 5,0.0817,70201.33
C 5,0.0858,72901.33
C 5,0.089,75601.33
C 5,0.0924,78301.33
C 5,0.0959,81001.33
C 5,0.0994,83701.33
C 6,0.0399,1.35
C 6,0.0386,2701.35
C 6,0.0391,5401.35
C 6,0.0389,8101.35
C 6,0.039,10801.35
C 6,0.0407,13501.35
C 6,0.0405,16201.35
C 6,0.0406,18901.35
C 6,0.0434,21601.35
C 6,0.0451,24301.35
C 6,0.0439,27001.35
C 6,0.046,29701.35
C 6,0.047,32401.35
C 6,0.0471,35101.35
C 6,0.0484,37801.35
C 6,0.0505,40501.35
C 6,0.0517,43201.35
C 6,0.0529,45901.35
C 6,0.0542,48601.35
C 6,0.0553,51301.35
C 6,0.0581,54001.35
C 6,0.0604,56701.35
C 6,0.063,59401.35
C 6,0.066,62101.35
C 6,0.0699,64801.35
C 6,0.0743,67501.35
C 6,0.0784,70201.35
C 6,0.0836,72901.35
C 6,0.0871,75601.35
C 6,0.091,78301.35
C 6,0.0954,81001.35
C 6,0.101,83701.35
C 7,0.0404,1.37
C 7,0.0401,2701.37
C 7,0.041,5401.37
C 7,0.0406,8101.37
C 7,0.0414,10801.37
C 7,0.0431,13501.37
C 7,0.0429,16201.37
C 7,0.0453,18901.37
C 7,0.0472,21601.37
C 7,0.048,24301.37
C 7,0.0473,27001.37
C 7,0.0498,29701.37
C 7,0.0511,32401.37
C 7,0.0521,35101.37
C 7,0.0538,37801.37
C 7,0.0555,40501.37
C 7,0.057,43201.37
C 7,0.0581,45901.37
C 7,0.0593,48601.37
C 7,0.0606,51301.37
C 7,0.0632,54001.37
C 7,0.0673,56701.37
C 7,0.0703,59401.37
C 7,0.0731,62101.37
C 7,0.0764,64801.37
C 7,0.0807,67501.37
C 7,0.0851,70201.37
C 7,0.0897,72901.37
C 7,0.093,75601.37
C 7,0.0961,78301.37
C 7,0.1009,81001.37
C 7,0.1049,83701.37
C 8,0.0408,1.39
C 8,0.0397,2701.38
C 8,0.0404,5401.38
C 8,0.0401,8101.38
C 8,0.0415,10801.38
C 8,0.0415,13501.38
C 8,0.042,16201.38
C 8,0.0422,18901.38
C 8,0.0454,21601.38
C 8,0.0469,24301.38
C 8,0.0465,27001.38
C 8,0.0514,29701.38
C 8,0.0525,32401.38
C 8,0.0531,35101.38
C 8,0.0547,37801.38
C 8,0.0565,40501.38
C 8,0.0574,43201.38
C 8,0.0579,45901.38
C 8,0.0592,48601.38
C 8,0.0597,51301.38
C 8,0.0624,54001.38
C 8,0.0655,56701.38
C 8,0.0692,59401.38
C 8,0.0719,62101.38
C 8,0.0754,64801.38
C 8,0.0777,67501.38
C 8,0.0822,70201.38
C 8,0.0857,72901.38
C 8,0.0884,75601.38
C 8,0.0913,78301.38
C 8,0.0949,81001.38
C 8,0.099,83701.38
C 9,0.0392,1.41
C 9,0.039,2701.4
C 9,0.0401,5401.4
C 9,0.0402,8101.4
C 9,0.0407,10801.4
C 9,0.0421,13501.4
C 9,0.0428,16201.4
C 9,0.0424,18901.4
C 9,0.0453,21601.4
C 9,0.0462,24301.4
C 9,0.0467,27001.4
C 9,0.0505,29701.4
C 9,0.0521,32401.4
C 9,0.052,35101.4
C 9,0.0535,37801.4
C 9,0.0555,40501.4
C 9,0.0567,43201.4
C 9,0.0575,45901.4
C 9,0.0582,48601.4
C 9,0.0587,51301.4
C 9,0.0596,54001.4
C 9,0.0629,56701.4
C 9,0.0666,59401.4
C 9,0.0695,62101.4
C 9,0.0724,64801.4
C 9,0.0763,67501.4
C 9,0.0793,70201.4
C 9,0.0822,72901.4
C 9,0.0849,75601.4
C 9,0.0872,78301.4
C 9,0.0899,81001.4
C 9,0.0914,83701.4
C 10,0.0404,1.42
C 10,0.0399,2701.42
C 10,0.0406,5401.42
C 10,0.0402,8101.42
C 10,0.0409,10801.42
C 10,0.0411,13501.42
C 10,0.0416,16201.42
C 10,0.041,18901.42
C 10,0.0433,21601.42
C 10,0.0455,24301.42
C 10,0.0443,27001.42
C 10,0.0461,29701.42
C 10,0.0471,32401.42
C 10,0.0482,35101.42
C 10,0.0513,37801.42
C 10,0.053,40501.42
C 10,0.0545,43201.42
C 10,0.0546,45901.42
C 10,0.0541,48601.42
C 10,0.0546,51301.42
C 10,0.0557,54001.42
C 10,0.0566,56701.42
C 10,0.0572,59401.42
C 10,0.0576,62101.42
C 10,0.0585,64801.42
C 10,0.0596,67501.42
C 10,0.0619,70201.42
C 10,0.0639,72901.42
C 10,0.0664,75601.42
C 10,0.0689,78301.42
C 10,0.0721,81001.42
C 10,0.0748,83701.42
C 11,0.0411,1.44
C 11,0.0396,2701.44
C 11,0.0408,5401.44
C 11,0.041,8101.44
C 11,0.042,10801.44
C 11,0.0433,13501.44
C 11,0.0426,16201.44
C 11,0.0421,18901.44
C 11,0.0455,21601.44
C 11,0.0466,24301.44
C 11,0.0469,27001.44
C 11,0.0501,29701.44
C 11,0.0513,32401.44
C 11,0.0511,35101.44
C 11,0.0535,37801.44
C 11,0.0537,40501.44
C 11,0.0558,43201.44
C 11,0.0557,45901.44
C 11,0.0574,48601.44
C 11,0.0569,51301.44
C 11,0.0577,54001.44
C 11,0.0602,56701.44
C 11,0.0626,59401.44
C 11,0.0651,62101.44
C 11,0.0683,64801.44
C 11,0.0719,67501.44
C 11,0.0751,70201.44
C 11,0.0781,72901.44
C 11,0.0809,75601.44
C 11,0.0832,78301.44
C 11,0.0882,81001.44
C 11,0.0922,83701.44
C 12,0.0417,1.46
C 12,0.0411,2701.46
C 12,0.0416,5401.46
C 12,0.0415,8101.46
C 12,0.0423,10801.46
C 12,0.0432,13501.46
C 12,0.0427,16201.46
C 12,0.0423,18901.46
C 12,0.044,21601.46
C 12,0.0453,24301.46
C 12,0.0457,27001.46
C 12,0.0463,29701.46
C 12,0.0488,32401.46
C 12,0.0485,35101.46
C 12,0.0501,37801.46
C 12,0.0512,40501.46
C 12,0.0526,43201.46
C 12,0.0538,45901.46
C 12,0.0535,48601.46
C 12,0.054,51301.46
C 12,0.055,54001.46
C 12,0.0563,56701.46
C 12,0.0561,59401.46
C 12,0.0564,62101.46
C 12,0.057,64801.46
C 12,0.0581,67501.46
C 12,0.0594,70201.46
C 12,0.0601,72901.46
C 12,0.0597,75601.46
C 12,0.0596,78301.46
C 12,0.0612,81001.46
C 12,0.0625,83701.46
D 1,0.0394,2.09
D 1,0.0386,2702.09
D 1,0.04,5402.09
D 1,0.04,8102.09
D 1,0.0416,10802.09
D 1,0.0425,13502.09
D 1,0.0456,16202.09
D 1,0.0438,18902.09
D 1,0.0468,21602.09
D 1,0.0477,24302.09
D 1,0.0492,27002.09
D 1,0.0509,29702.09
D 1,0.0528,32402.09
D 1,0.0522,35102.09
D 1,0.054,37802.09
D 1,0.0543,40502.09
D 1,0.0555,43202.09
D 1,0.057,45902.09
D 1,0.0565,48602.09
D 1,0.0564,51302.09
D 1,0.0564,54002.09
D 1,0.0575,56702.09
D 1,0.0581,59402.09
D 1,0.0578,62102.09
D 1,0.0589,64802.09
D 1,0.0597,67502.09
D 1,0.0614,70202.09
D 1,0.0621,72902.09
D 1,0.062,75602.09
D 1,0.0615,78302.09
D 1,0.0621,81002.09
D 1,0.0621,83702.09
D 2,0.0407,2.07
D 2,0.0398,2702.07
D 2,0.0398,5402.07
D 2,0.0397,8102.07
D 2,0.0407,10802.07
D 2,0.0415,13502.07
D 2,0.0411,16202.07
D 2,0.0416,18902.07
D 2,0.0426,21602.07
D 2,0.0445,24302.07
D 2,0.0449,27002.07
D 2,0.0472,29702.07
D 2,0.048,32402.07
D 2,0.0486,35102.07
D 2,0.0519,37802.07
D 2,0.0535,40502.07
D 2,0.0546,43202.07
D 2,0.0566,45902.07
D 2,0.0562,48602.07
D 2,0.0576,51302.07
D 2,0.0592,54002.07
D 2,0.0633,56702.07
D 2,0.0665,59402.07
D 2,0.0688,62102.07
D 2,0.0731,64802.07
D 2,0.0758,67502.07
D 2,0.08,70202.07
D 2,0.0836,72902.07
D 2,0.0862,75602.07
D 2,0.0892,78302.07
D 2,0.0917,81002.07
D 2,0.0953,83702.07
D 3,0.0399,2.05
D 3,0.04,2702.05
D 3,0.0398,5402.05
D 3,0.0401,8102.05
D 3,0.0414,10802.05
D 3,0.0421,13502.05
D 3,0.0422,16202.05
D 3,0.0426,18902.05
D 3,0.0436,21602.05
D 3,0.0461,24302.05
D 3,0.0463,27002.05
D 3,0.0486,29702.05
D 3,0.0511,32402.05
D 3,0.0525,35102.05
D 3,0.0555,37802.05
D 3,0.0565,40502.05
D 3,0.0577,43202.05
D 3,0.0586,45902.05
D 3,0.059,48602.05
D 3,0.0605,51302.05
D 3,0.0625,54002.05
D 3,0.0652,56702.05
D 3,0.0671,59402.05
D 3,0.0701,62102.05
D 3,0.0733,64802.05
D 3,0.0755,67502.05
D 3,0.0784,70202.05
D 3,0.0819,72902.05
D 3,0.084,75602.05
D 3,0.0864,78302.05
D 3,0.0893,81002.05
D 3,0.0925,83702.05
D 4,0.0378,2.03
D 4,0.0378,2702.03
D 4,0.0377,5402.03
D 4,0.0376,8102.03
D 4,0.0378,10802.03
D 4,0.0374,13502.03
D 4,0.0379,16202.03
D 4,0.0373,18902.03
D 4,0.0374,21602.03
D 4,0.0386,24302.03
D 4,0.038,27002.03
D 4,0.0381,29702.03
D 4,0.0372,32402.03
D 4,0.0373,35102.03
D 4,0.0377,37802.03
D 4,0.0383,40502.03
D 4,0.0384,43202.03
D 4,0.0384,45902.03
D 4,0.0377,48602.03
D 4,0.0373,51302.03
D 4,0.037,54002.03
D 4,0.0379,56702.03
D 4,0.0374,59402.03
D 4,0.0364,62102.03
D 4,0.0374,64802.03
D 4,0.0379,67502.03
D 4,0.0376,70202.03
D 4,0.0379,72902.03
D 4,0.0374,75602.03
D 4,0.0383,78302.03
D 4,0.038,81002.03
D 4,0.0364,83702.03
D 5,0.0402,2.01
D 5,0.0401,2702.01
D 5,0.04,5402.01
D 5,0.0398,8102.01
D 5,0.0411,10802.01
D 5,0.0424,13502.01
D 5,0.0419,16202.01
D 5,0.0427,18902.01
D 5,0.0443,21602.01
D 5,0.0454,24302.01
D 5,0.0466,27002.01
D 5,0.0494,29702.01
D 5,0.0506,32402.01
D 5,0.0527,35102.01
D 5,0.0547,37802.01
D 5,0.0561,40502.01
D 5,0.058,43202.01
D 5,0.0601,45902.01
D 5,0.0622,48602.01
D 5,0.0646,51302.01
D 5,0.069,54002.01
D 5,0.0722,56702.01
D 5,0.0766,59402.01
D 5,0.0798,62102.01
D 5,0.0834,64802.01
D 5,0.0867,67502.01
D 5,0.0904,70202.01
D 5,0.0947,72902.01
D 5,0.0979,75602.01
D 5,0.1007,78302.01
D 5,0.1029,81002.01
D 5,0.1071,83702.01
D 6,0.0396,2
D 6,0.0388,2701.99
D 6,0.0393,5401.99
D 6,0.0389,8101.99
D 6,0.0404,10801.99
D 6,0.0418,13501.99
D 6,0.0414,16201.99
D 6,0.0407,18901.99
D 6,0.0433,21601.99
D 6,0.0436,24301.99
D 6,0.0446,27001.99
D 6,0.0463,29701.99
D 6,0.0488,32401.99
D 6,0.0478,35101.99
D 6,0.0496,37801.99
D 6,0.0513,40501.99
D 6,0.053,43201.99
D 6,0.0541,45901.99
D 6,0.0546,48601.99
D 6,0.056,51301.99
D 6,0.0586,54001.99
D 6,0.0621,56701.99
D 6,0.0653,59401.99
D 6,0.0697,62101.99
D 6,0.0733,64801.99
D 6,0.0772,67501.99
D 6,0.0818,70201.99
D 6,0.0866,72901.99
D 6,0.0902,75601.99
D 6,0.0945,78301.99
D 6,0.0985,81001.99
D 6,0.1034,83701.99
D 7,0.04,1.98
D 7,0.0406,2701.98
D 7,0.0409,5401.98
D 7,0.0411,8101.98
D 7,0.0407,10801.98
D 7,0.0427,13501.98
D 7,0.0424,16201.98
D 7,0.0428,18901.98
D 7,0.0445,21601.98
D 7,0.0462,24301.98
D 7,0.0458,27001.98
D 7,0.0487,29701.98
D 7,0.0501,32401.98
D 7,0.0508,35101.98
D 7,0.0535,37801.98
D 7,0.0559,40501.98
D 7,0.0568,43201.98
D 7,0.0585,45901.98
D 7,0.0605,48601.98
D 7,0.0624,51301.98
D 7,0.066,54001.98
D 7,0.069,56701.98
D 7,0.0735,59401.98
D 7,0.0764,62101.98
D 7,0.08,64801.98
D 7,0.0839,67501.98
D 7,0.0873,70201.98
D 7,0.092,72901.98
D 7,0.095,75601.98
D 7,0.0977,78301.98
D 7,0.1016,81001.98
D 7,0.1053,83701.98
D 8,0.0408,1.96
D 8,0.0394,2701.96
D 8,0.0399,5401.96
D 8,0.04,8101.96
D 8,0.0411,10801.96
D 8,0.0415,13501.96
D 8,0.0424,16201.96
D 8,0.0428,18901.96
D 8,0.044,21601.96
D 8,0.0454,24301.96
D 8,0.047,27001.96
D 8,0.051,29701.96
D 8,0.0522,32401.96
D 8,0.053,35101.96
D 8,0.0544,37801.96
D 8,0.0558,40501.96
D 8,0.0573,43201.96
D 8,0.0583,45901.96
D 8,0.0588,48601.96
D 8,0.0602,51301.96
D 8,0.0632,54001.96
D 8,0.0675,56701.96
D 8,0.0721,59401.96
D 8,0.0744,62101.96
D 8,0.0785,64801.96
D 8,0.0819,67501.96
D 8,0.0838,70201.96
D 8,0.0866,72901.96
D 8,0.0894,75601.96
D 8,0.0906,78301.96
D 8,0.0935,81001.96
D 8,0.0965,83701.96
D 9,0.0407,1.94
D 9,0.0399,2701.94
D 9,0.0406,5401.94
D 9,0.0409,8101.94
D 9,0.0418,10801.94
D 9,0.0428,13501.94
D 9,0.0436,16201.94
D 9,0.0445,18901.94
D 9,0.0475,21601.94
D 9,0.0497,24301.94
D 9,0.0487,27001.94
D 9,0.0526,29701.94
D 9,0.0542,32401.94
D 9,0.0537,35101.94
D 9,0.0557,37801.94
D 9,0.0572,40501.94
D 9,0.0585,43201.94
D 9,0.059,45901.94
D 9,0.0596,48601.94
D 9,0.0596,51301.94
D 9,0.0605,54001.94
D 9,0.0618,56701.94
D 9,0.0644,59401.94
D 9,0.0671,62101.94
D 9,0.0683,64801.94
D 9,0.0718,67501.94
D 9,0.0736,70201.94
D 9,0.0758,72901.94
D 9,0.0774,75601.94
D 9,0.0795,78301.94
D 9,0.081,81001.94
D 9,0.0828,83701.94
D 10,0.0396,1.92
D 10,0.0394,2701.92
D 10,0.0397,5401.92
D 10,0.0391,8101.92
D 10,0.0403,10801.92
D 10,0.0414,13501.92
D 10,0.0418,16201.92
D 10,0.0422,18901.92
D 10,0.044,21601.92
D 10,0.0471,24301.92
D 10,0.0453,27001.92
D 10,0.0496,29701.92
D 10,0.0502,32401.92
D 10,0.05,35101.92
D 10,0.0528,37801.92
D 10,0.0537,40501.92
D 10,0.0547,43201.92
D 10,0.055,45901.92
D 10,0.0554,48601.92
D 10,0.0559,51301.92
D 10,0.0564,54001.92
D 10,0.0573,56701.92
D 10,0.0571,59401.92
D 10,0.0586,62101.92
D 10,0.0597,64801.92
D 10,0.0613,67501.92
D 10,0.0626,70201.92
D 10,0.0651,72901.92
D 10,0.066,75601.92
D 10,0.0681,78301.92
D 10,0.0706,81001.92
D 10,0.0736,83701.92
D 11,0.0388,1.9
D 11,0.0389,2701.9
D 11,0.0395,5401.9
D 11,0.0392,8101.9
D 11,0.0408,10801.9
D 11,0.0408,13501.9
D 11,0.0408,16201.9
D 11,0.0412,18901.9
D 11,0.0446,21601.9
D 11,0.045,24301.9
D 11,0.0454,27001.9
D 11,0.0469,29701.9
D 11,0.0484,32401.9
D 11,0.0492,35101.9
D 11,0.0517,37801.9
D 11,0.0535,40501.9
D 11,0.0555,43201.9
D 11,0.0574,45901.9
D 11,0.0576,48601.9
D 11,0.0597,51301.9
D 11,0.0623,54001.9
D 11,0.066,56701.9
D 11,0.0698,59401.9
D 11,0.0743,62101.9
D 11,0.0776,64801.9
D 11,0.0809,67501.9
D 11,0.0845,70201.9
D 11,0.0875,72901.9
D 11,0.0897,75601.9
D 11,0.0911,78301.9
D 11,0.0935,81001.9
D 11,0.0966,83701.9
D 12,0.0399,1.89
D 12,0.0388,2701.88
D 12,0.0397,5401.88
D 12,0.0393,8101.88
D 12,0.0404,10801.88
D 12,0.0407,13501.88
D 12,0.0405,16201.88
D 12,0.0477,18901.88
D 12,0.0427,21601.88
D 12,0.0433,24301.88
D 12,0.0483,27001.88
D 12,0.0456,29701.88
D 12,0.0464,32401.88
D 12,0.0469,35101.88
D 12,0.0488,37801.88
D 12,0.0495,40501.88
D 12,0.0506,43201.88
D 12,0.0516,45901.88
D 12,0.0516,48601.88
D 12,0.052,51301.88
D 12,0.0534,54001.88
D 12,0.0544,56701.88
D 12,0.0549,59401.88
D 12,0.0553,62101.88
D 12,0.0564,64801.88
D 12,0.0568,67501.88
D 12,0.0573,70201.88
D 12,0.0574,72901.88
D 12,0.0585,75601.88
D 12,0.058,78301.88
D 12,0.0584,81001.88
D 12,0.0592,83701.88
E 1,0.0392,2.51
E 1,0.0389,2702.51
E 1,0.0397,5402.51
E 1,0.04,8102.51
E 1,0.0408,10802.51
E 1,0.0404,13502.51
E 1,0.0415,16202.51
E 1,0.0411,18902.51
E 1,0.0436,21602.51
E 1,0.045,24302.51
E 1,0.0451,27002.51
E 1,0.0486,29702.51
E 1,0.0509,32402.51
E 1,0.0511,35102.51
E 1,0.0526,37802.51
E 1,0.0538,40502.51
E 1,0.0549,43202.51
E 1,0.0554,45902.51
E 1,0.0565,48602.51
E 1,0.0559,51302.51
E 1,0.057,54002.51
E 1,0.0577,56702.51
E 1,0.0585,59402.51
E 1,0.0581,62102.51
E 1,0.0583,64802.51
E 1,0.0601,67502.51
E 1,0.061,70202.51
E 1,0.062,72902.51
E 1,0.0615,75602.51
E 1,0.062,78302.51
E 1,0.0621,81002.51
E 1,0.0629,83702.51
E 2,0.039,2.53
E 2,0.0383,2702.53
E 2,0.039,5402.53
E 2,0.0386,8102.53
E 2,0.0392,10802.53
E 2,0.0401,13502.53
E 2,0.0406,16202.53
E 2,0.0413,18902.53
E 2,0.0421,21602.53
E 2,0.0441,24302.53
E 2,0.045,27002.53
E 2,0.0488,29702.53
E 2,0.0491,32402.53
E 2,0.0494,35102.53
E 2,0.053,37802.53
E 2,0.054,40502.53
E 2,0.0555,43202.53
E 2,0.0565,45902.53
E 2,0.0573,48602.53
E 2,0.0575,51302.53
E 2,0.0602,54002.53
E 2,0.0634,56702.53
E 2,0.0661,59402.53
E 2,0.0699,62102.53
E 2,0.0723,64802.53
E 2,0.0757,67502.53
E 2,0.0795,70202.53
E 2,0.0832,72902.53
E 2,0.085,75602.53
E 2,0.0882,78302.53
E 2,0.0911,81002.53
E 2,0.0949,83702.53
E 3,0.0397,2.55
E 3,0.0387,2702.55
E 3,0.0399,5402.55
E 3,0.039,8102.55
E 3,0.041,10802.55
E 3,0.0415,13502.55
E 3,0.0429,16202.55
E 3,0.0425,18902.55
E 3,0.0439,21602.55
E 3,0.0459,24302.55
E 3,0.0467,27002.55
E 3,0.0496,29702.55
E 3,0.05,32402.55
E 3,0.0516,35102.55
E 3,0.0535,37802.55
E 3,0.0555,40502.55
E 3,0.0566,43202.55
E 3,0.0574,45902.55
E 3,0.0578,48602.55
E 3,0.0589,51302.55
E 3,0.0614,54002.55
E 3,0.0641,56702.55
E 3,0.0669,59402.55
E 3,0.0699,62102.55
E 3,0.0723,64802.55
E 3,0.0749,67502.55
E 3,0.0774,70202.55
E 3,0.0806,72902.55
E 3,0.083,75602.55
E 3,0.0855,78302.55
E 3,0.0894,81002.55
E 3,0.0916,83702.55
E 4,0.0376,2.57
E 4,0.0373,2702.56
E 4,0.0376,5402.56
E 4,0.0364,8102.56
E 4,0.0381,10802.56
E 4,0.0377,13502.56
E 4,0.0379,16202.56
E 4,0.0372,18902.56
E 4,0.0376,21602.56
E 4,0.0378,24302.56
E 4,0.0376,27002.56
E 4,0.0372,29702.56
E 4,0.0377,32402.56
E 4,0.0368,35102.56
E 4,0.0377,37802.56
E 4,0.0384,40502.56
E 4,0.0384,43202.56
E 4,0.0384,45902.56
E 4,0.0373,48602.56
E 4,0.0366,51302.56
E 4,0.0375,54002.56
E 4,0.0369,56702.56
E 4,0.0374,59402.56
E 4,0.0373,62102.56
E 4,0.0374,64802.56
E 4,0.0374,67502.56
E 4,0.0383,70202.56
E 4,0.038,72902.56
E 4,0.0378,75602.56
E 4,0.0372,78302.56
E 4,0.0375,81002.56
E 4,0.0366,83702.56
E 5,0.0401,2.58
E 5,0.0399,2702.58
E 5,0.0401,5402.58
E 5,0.0398,8102.58
E 5,0.0411,10802.58
E 5,0.0422,13502.58
E 5,0.0425,16202.58
E 5,0.0468,18902.58
E 5,0.0458,21602.58
E 5,0.0498,24302.58
E 5,0.0497,27002.58
E 5,0.0513,29702.58
E 5,0.0535,32402.58
E 5,0.0544,35102.58
E 5,0.0556,37802.58
E 5,0.0565,40502.58
E 5,0.0584,43202.58
E 5,0.0608,45902.58
E 5,0.0626,48602.58
E 5,0.065,51302.58
E 5,0.0677,54002.58
E 5,0.0706,56702.58
E 5,0.0742,59402.58
E 5,0.0759,62102.58
E 5,0.0797,64802.58
E 5,0.0821,67502.58
E 5,0.0851,70202.58
E 5,0.0881,72902.58
E 5,0.0908,75602.58
E 5,0.093,78302.58
E 5,0.0953,81002.58
E 5,0.0979,83702.58
E 6,0.04,2.6
E 6,0.0401,2702.6
E 6,0.0401,5402.6
E 6,0.0394,8102.6
E 6,0.0406,10802.6
E 6,0.0417,13502.6
E 6,0.0415,16202.6
E 6,0.0445,18902.6
E 6,0.0448,21602.6
E 6,0.0471,24302.6
E 6,0.0486,27002.6
E 6,0.0488,29702.6
E 6,0.0494,32402.6
E 6,0.0501,35102.6
E 6,0.0521,37802.6
E 6,0.0531,40502.6
E 6,0.0539,43202.6
E 6,0.0559,45902.6
E 6,0.0563,48602.6
E 6,0.0579,51302.6
E 6,0.0611,54002.6
E 6,0.0628,56702.6
E 6,0.0659,59402.6
E 6,0.069,62102.6
E 6,0.0729,64802.6
E 6,0.0762,67502.6
E 6,0.0805,70202.6
E 6,0.0845,72902.6
E 6,0.0872,75602.6
E 6,0.0907,78302.6
E 6,0.0953,81002.6
E 6,0.0996,83702.6
E 7,0.0403,2.62
E 7,0.0399,2702.62
E 7,0.0398,5402.62
E 7,0.0406,8102.62
E 7,0.0406,10802.62
E 7,0.0419,13502.62
E 7,0.0427,16202.62
E 7,0.0427,18902.62
E 7,0.0435,21602.62
E 7,0.0445,24302.62
E 7,0.0446,27002.62
E 7,0.0461,29702.62
E 7,0.048,32402.62
E 7,0.0498,35102.62
E 7,0.0517,37802.62
E 7,0.0536,40502.62
E 7,0.0546,43202.62
E 7,0.0557,45902.62
E 7,0.0566,48602.62
E 7,0.0589,51302.62
E 7,0.0621,54002.62
E 7,0.0658,56702.62
E 7,0.0689,59402.62
E 7,0.0721,62102.62
E 7,0.0748,64802.62
E 7,0.0787,67502.62
E 7,0.0822,70202.62
E 7,0.0857,72902.62
E 7,0.0896,75602.62
E 7,0.0932,78302.62
E 7,0.0969,81002.62
E 7,0.1008,83702.62
E 8,0.0397,2.64
E 8,0.04,2702.64
E 8,0.0403,5402.64
E 8,0.0407,8102.64
E 8,0.0412,10802.64
E 8,0.0412,13502.64
E 8,0.0438,16202.64
E 8,0.045,18902.64
E 8,0.0454,21602.64
E 8,0.0499,24302.64
E 8,0.0489,27002.64
E 8,0.053,29702.64
E 8,0.0533,32402.64
E 8,0.0543,35102.64
E 8,0.0558,37802.64
E 8,0.0563,40502.64
E 8,0.057,43202.64
E 8,0.0578,45902.64
E 8,0.059,48602.64
E 8,0.0594,51302.64
E 8,0.0613,54002.64
E 8,0.0642,56702.64
E 8,0.0675,59402.64
E 8,0.0705,62102.64
E 8,0.0728,64802.64
E 8,0.0757,67502.64
E 8,0.0782,70202.64
E 8,0.0809,72902.64
E 8,0.0832,75602.64
E 8,0.0858,78302.64
E 8,0.0878,81002.64
E 8,0.0918,83702.64
E 9,0.0406,2.66
E 9,0.0398,2702.66
E 9,0.0401,5402.66
E 9,0.0398,8102.66
E 9,0.0412,10802.66
E 9,0.0419,13502.66
E 9,0.0424,16202.66
E 9,0.0435,18902.66
E 9,0.045,21602.66
E 9,0.0464,24302.66
E 9,0.0467,27002.66
E 9,0.0495,29702.66
E 9,0.0519,32402.66
E 9,0.053,35102.66
E 9,0.0545,37802.66
E 9,0.0562,40502.66
E 9,0.0576,43202.66
E 9,0.0586,45902.66
E 9,0.0584,48602.66
E 9,0.0591,51302.66
E 9,0.0599,54002.66
E 9,0.0614,56702.66
E 9,0.063,59402.66
E 9,0.0655,62102.66
E 9,0.0684,64802.66
E 9,0.0709,67502.66
E 9,0.0729,70202.66
E 9,0.0759,72902.66
E 9,0.0777,75602.66
E 9,0.0792,78302.66
E 9,0.0812,81002.66
E 9,0.0838,83702.66
E 10,0.0396,2.68
E 10,0.0393,2702.67
E 10,0.0398,5402.67
E 10,0.0392,8102.68
E 10,0.04,10802.68
E 10,0.0413,13502.68
E 10,0.0419,16202.67
E 10,0.0415,18902.68
E 10,0.0433,21602.68
E 10,0.0461,24302.67
E 10,0.0457,27002.68
E 10,0.0485,29702.68
E 10,0.0485,32402.68
E 10,0.0495,35102.68
E 10,0.0512,37802.67
E 10,0.0534,40502.67
E 10,0.0538,43202.68
E 10,0.0551,45902.67
E 10,0.0546,48602.67
E 10,0.0544,51302.68
E 10,0.0553,54002.68
E 10,0.0565,56702.67
E 10,0.0571,59402.68
E 10,0.0576,62102.67
E 10,0.0588,64802.68
E 10,0.0594,67502.67
E 10,0.0606,70202.68
E 10,0.0624,72902.67
E 10,0.0611,75602.68
E 10,0.0622,78302.68
E 10,0.064,81002.68
E 10,0.0665,83702.68
E 11,0.0398,2.7
E 11,0.0396,2702.69
E 11,0.0406,5402.69
E 11,0.0395,8102.69
E 11,0.0418,10802.69
E 11,0.0417,13502.69
E 11,0.0419,16202.69
E 11,0.0427,18902.69
E 11,0.0444,21602.69
E 11,0.0466,24302.69
E 11,0.0474,27002.69
E 11,0.0502,29702.69
E 11,0.0508,32402.69
E 11,0.0515,35102.69
E 11,0.0528,37802.69
E 11,0.0539,40502.69
E 11,0.0556,43202.69
E 11,0.0561,45902.69
E 11,0.0565,48602.69
E 11,0.056,51302.69
E 11,0.0568,54002.69
E 11,0.0579,56702.69
E 11,0.0595,59402.69
E 11,0.0621,62102.69
E 11,0.0654,64802.69
E 11,0.0679,67502.69
E 11,0.0707,70202.69
E 11,0.0736,72902.69
E 11,0.0758,75602.69
E 11,0.0793,78302.69
E 11,0.0817,81002.69
E 11,0.0852,83702.69
E 12,0.04,2.71
E 12,0.0392,2702.71
E 12,0.0399,5402.71
E 12,0.0401,8102.71
E 12,0.0397,10802.71
E 12,0.041,13502.71
E 12,0.0411,16202.71
E 12,0.0406,18902.71
E 12,0.0404,21602.71
E 12,0.0436,24302.71
E 12,0.0434,27002.71
E 12,0.0458,29702.71
E 12,0.0456,32402.71
E 12,0.0458,35102.71
E 12,0.0479,37802.71
E 12,0.0487,40502.71
E 12,0.0496,43202.71
E 12,0.0511,45902.71
E 12,0.0517,48602.71
E 12,0.0519,51302.71
E 12,0.0531,54002.71
E 12,0.0531,56702.71
E 12,0.0539,59402.71
E 12,0.0556,62102.71
E 12,0.0562,64802.71
E 12,0.0564,67502.71
E 12,0.0572,70202.71
E 12,0.0577,72902.71
E 12,0.0584,75602.71
E 12,0.0575,78302.71
E 12,0.0584,81002.71
E 12,0.0618,83702.71
F 1,0.04,3.34
F 1,0.039,2703.34
F 1,0.0395,5403.34
F 1,0.0384,8103.34
F 1,0.0395,10803.34
F 1,0.0386,13503.34
F 1,0.0402,16203.34
F 1,0.0383,18903.34
F 1,0.0394,21603.34
F 1,0.0393,24303.34
F 1,0.0396,27003.34
F 1,0.0398,29703.34
F 1,0.0398,32403.34
F 1,0.0387,35103.34
F 1,0.0389,37803.34
F 1,0.0405,40503.34
F 1,0.0397,43203.34
F 1,0.0399,45903.34
F 1,0.039,48603.34
F 1,0.0384,51303.34
F 1,0.0389,54003.34
F 1,0.039,56703.34
F 1,0.039,59403.34
F 1,0.0392,62103.34
F 1,0.0397,64803.34
F 1,0.0389,67503.34
F 1,0.0391,70203.34
F 1,0.0397,72903.34
F 1,0.0397,75603.34
F 1,0.0392,78303.34
F 1,0.0395,81003.34
F 1,0.039,83703.34
F 2,0.0381,3.32
F 2,0.038,2703.32
F 2,0.038,5403.32
F 2,0.0379,8103.32
F 2,0.0376,10803.32
F 2,0.0381,13503.32
F 2,0.0376,16203.32
F 2,0.0371,18903.32
F 2,0.0383,21603.32
F 2,0.0383,24303.32
F 2,0.0377,27003.32
F 2,0.0378,29703.32
F 2,0.0381,32403.32
F 2,0.037,35103.32
F 2,0.0378,37803.32
F 2,0.0382,40503.32
F 2,0.0387,43203.32
F 2,0.0382,45903.32
F 2,0.0386,48603.32
F 2,0.037,51303.32
F 2,0.0379,54003.32
F 2,0.0375,56703.32
F 2,0.0373,59403.32
F 2,0.0374,62103.32
F 2,0.0379,64803.32
F 2,0.0372,67503.32
F 2,0.0375,70203.32
F 2,0.0382,72903.32
F 2,0.038,75603.32
F 2,0.0377,78303.32
F 2,0.037,81003.32
F 2,0.0383,83703.32
F 3,0.0396,3.3
F 3,0.0378,2703.3
F 3,0.0385,5403.3
F 3,0.0377,8103.3
F 3,0.0381,10803.3
F 3,0.0387,13503.3
F 3,0.0384,16203.3
F 3,0.0381,18903.3
F 3,0.0384,21603.3
F 3,0.0385,24303.3
F 3,0.0385,27003.3
F 3,0.0382,29703.3
F 3,0.0383,32403.3
F 3,0.0381,35103.3
F 3,0.0381,37803.3
F 3,0.0383,40503.3
F 3,0.0391,43203.3
F 3,0.0384,45903.3
F 3,0.0388,48603.3
F 3,0.0375,51303.3
F 3,0.0386,54003.3
F 3,0.0388,56703.3
F 3,0.0381,59403.3
F 3,0.0376,62103.3
F 3,0.038,64803.3
F 3,0.038,67503.3
F 3,0.0386,70203.3
F 3,0.0385,72903.3
F 3,0.0381,75603.3
F 3,0.0379,78303.3
F 3,0.0381,81003.3
F 3,0.0377,83703.3
F 4,0.0389,3.29
F 4,0.0381,2703.28
F 4,0.039,5403.28
F 4,0.038,8103.28
F 4,0.0381,10803.28
F 4,0.0382,13503.28
F 4,0.038,16203.28
F 4,0.0371,18903.28
F 4,0.0388,21603.28
F 4,0.039,24303.28
F 4,0.0385,27003.28
F 4,0.0378,29703.28
F 4,0.0381,32403.28
F 4,0.037,35103.28
F 4,0.0389,37803.28
F 4,0.0379,40503.28
F 4,0.0388,43203.28
F 4,0.039,45903.28
F 4,0.0387,48603.28
F 4,0.0369,51303.28
F 4,0.0376,54003.28
F 4,0.0381,56703.28
F 4,0.0382,59403.28
F 4,0.0377,62103.28
F 4,0.0375,64803.28
F 4,0.0385,67503.28
F 4,0.0382,70203.28
F 4,0.0389,72903.28
F 4,0.0383,75603.28
F 4,0.0375,78303.28
F 4,0.039,81003.28
F 4,0.0376,83703.28
F 5,0.0396,3.27
F 5,0.039,2703.27
F 5,0.0402,5403.27
F 5,0.0386,8103.27
F 5,0.0398,10803.27
F 5,0.0391,13503.27
F 5,0.0387,16203.27
F 5,0.0378,18903.27
F 5,0.0391,21603.27
F 5,0.0388,24303.27
F 5,0.0395,27003.27
F 5,0.0391,29703.27
F 5,0.0391,32403.27
F 5,0.0385,35103.27
F 5,0.0397,37803.27
F 5,0.0399,40503.27
F 5,0.0399,43203.27
F 5,0.0402,45903.27
F 5,0.039,48603.27
F 5,0.0393,51303.27
F 5,0.0383,54003.27
F 5,0.039,56703.27
F 5,0.039,59403.27
F 5,0.0387,62103.27
F 5,0.039,64803.27
F 5,0.0396,67503.27
F 5,0.0396,70203.27
F 5,0.0393,72903.27
F 5,0.0392,75603.27
F 5,0.0388,78303.27
F 5,0.0391,81003.27
F 5,0.0386,83703.27
F 6,0.0383,3.25
F 6,0.0372,2703.25
F 6,0.0377,5403.25
F 6,0.0379,8103.25
F 6,0.0383,10803.25
F 6,0.0382,13503.25
F 6,0.0387,16203.25
F 6,0.0372,18903.25
F 6,0.038,21603.25
F 6,0.0387,24303.25
F 6,0.0382,27003.25
F 6,0.0377,29703.25
F 6,0.0381,32403.25
F 6,0.037,35103.25
F 6,0.0382,37803.25
F 6,0.0386,40503.25
F 6,0.0388,43203.25
F 6,0.0386,45903.25
F 6,0.0378,48603.25
F 6,0.0371,51303.25
F 6,0.0374,54003.25
F 6,0.0377,56703.25
F 6,0.0377,59403.25
F 6,0.0377,62103.25
F 6,0.0372,64803.25
F 6,0.0378,67503.25
F 6,0.0382,70203.25
F 6,0.0391,72903.25
F 6,0.0386,75603.25
F 6,0.0369,78303.25
F 6,0.0379,81003.25
F 6,0.0376,83703.25
F 7,0.0381,3.23
F 7,0.0388,2703.23
F 7,0.0388,5403.23
F 7,0.0383,8103.23
F 7,0.038,10803.23
F 7,0.0385,13503.23
F 7,0.0383,16203.23
F 7,0.0377,18903.23
F 7,0.0384,21603.23
F 7,0.0387,24303.23
F 7,0.0388,27003.23
F 7,0.0388,29703.23
F 7,0.0385,32403.23
F 7,0.0382,35103.23
F 7,0.0385,37803.23
F 7,0.0385,40503.23
F 7,0.0392,43203.23
F 7,0.0387,45903.23
F 7,0.039,48603.23
F 7,0.0381,51303.23
F 7,0.0383,54003.23
F 7,0.0383,56703.23
F 7,0.039,59403.23
F 7,0.038,62103.23
F 7,0.038,64803.23
F 7,0.0384,67503.23
F 7,0.0389,70203.23
F 7,0.0383,72903.23
F 7,0.0384,75603.23
F 7,0.0388,78303.23
F 7,0.0381,81003.23
F 7,0.0384,83703.23
F 8,0.0389,3.21
F 8,0.038,2703.21
F 8,0.0375,5403.21
F 8,0.0377,8103.21
F 8,0.0379,10803.21
F 8,0.0378,13503.21
F 8,0.0377,16203.21
F 8,0.0368,18903.21
F 8,0.0382,21603.21
F 8,0.0384,24303.21
F 8,0.0384,27003.21
F 8,0.0378,29703.21
F 8,0.0386,32403.21
F 8,0.037,35103.21
F 8,0.0382,37803.21
F 8,0.038,40503.21
F 8,0.0386,43203.21
F 8,0.0385,45903.21
F 8,0.0382,48603.21
F 8,0.0369,51303.21
F 8,0.038,54003.21
F 8,0.038,56703.21
F 8,0.0382,59403.21
F 8,0.037,62103.21
F 8,0.0373,64803.21
F 8,0.0373,67503.21
F 8,0.0384,70203.21
F 8,0.0385,72903.21
F 8,0.0377,75603.21
F 8,0.0373,78303.21
F 8,0.0372,81003.21
F 8,0.0371,83703.21
F 9,0.0398,3.19
F 9,0.0385,2703.19
F 9,0.0387,5403.19
F 9,0.0382,8103.19
F 9,0.0383,10803.19
F 9,0.0384,13503.19
F 9,0.0381,16203.19
F 9,0.0376,18903.19
F 9,0.0384,21603.19
F 9,0.0388,24303.19
F 9,0.0385,27003.19
F 9,0.0381,29703.19
F 9,0.039,32403.19
F 9,0.0376,35103.19
F 9,0.0392,37803.19
F 9,0.0387,40503.19
F 9,0.0392,43203.19
F 9,0.0396,45903.19
F 9,0.0386,48603.19
F 9,0.0376,51303.19
F 9,0.0382,54003.19
F 9,0.0383,56703.19
F 9,0.0383,59403.19
F 9,0.0384,62103.19
F 9,0.0384,64803.19
F 9,0.0379,67503.19
F 9,0.0387,70203.19
F 9,0.0386,72903.19
F 9,0.0385,75603.19
F 9,0.0377,78303.19
F 9,0.0382,81003.19
F 9,0.0381,83703.19
F 10,0.0392,3.18
F 10,0.0387,2703.17
F 10,0.0386,5403.17
F 10,0.0386,8103.17
F 10,0.0393,10803.17
F 10,0.0387,13503.17
F 10,0.039,16203.17
F 10,0.038,18903.17
F 10,0.0396,21603.17
F 10,0.0384,24303.17
F 10,0.039,27003.17
F 10,0.0388,29703.17
F 10,0.0392,32403.17
F 10,0.0379,35103.17
F 10,0.038,37803.17
F 10,0.0389,40503.17
F 10,0.0389,43203.17
F 10,0.0394,45903.17
F 10,0.0392,48603.17
F 10,0.0382,51303.17
F 10,0.0384,54003.17
F 10,0.0384,56703.17
F 10,0.0386,59403.17
F 10,0.0382,62103.17
F 10,0.0381,64803.17
F 10,0.0387,67503.17
F 10,0.0393,70203.17
F 10,0.0398,72903.17
F 10,0.039,75603.17
F 10,0.0382,78303.17
F 10,0.0381,81003.17
F 10,0.0382,83703.17
F 11,0.0385,3.16
F 11,0.0381,2703.16
F 11,0.0388,5403.16
F 11,0.0377,8103.16
F 11,0.0379,10803.16
F 11,0.038,13503.16
F 11,0.0382,16203.16
F 11,0.0382,18903.16
F 11,0.0385,21603.16
F 11,0.0386,24303.16
F 11,0.0386,27003.16
F 11,0.0379,29703.16
F 11,0.0387,32403.16
F 11,0.0374,35103.16
F 11,0.0385,37803.16
F 11,0.0389,40503.16
F 11,0.0394,43203.16
F 11,0.0393,45903.16
F 11,0.0383,48603.16
F 11,0.0381,51303.16
F 11,0.0381,54003.16
F 11,0.0383,56703.16
F 11,0.0388,59403.16
F 11,0.0376,62103.16
F 11,0.0378,64803.16
F 11,0.0383,67503.16
F 11,0.0388,70203.16
F 11,0.0393,72903.16
F 11,0.0386,75603.16
F 11,0.0377,78303.16
F 11,0.0383,81003.16
F 11,0.0378,83703.16
F 12,0.0378,3.14
F 12,0.0367,2703.14
F 12,0.0382,5403.14
F 12,0.0381,8103.14
F 12,0.0377,10803.14
F 12,0.038,13503.14
F 12,0.0373,16203.14
F 12,0.0373,18903.14
F 12,0.0378,21603.14
F 12,0.0379,24303.14
F 12,0.0385,27003.14
F 12,0.0372,29703.14
F 12,0.0376,32403.14
F 12,0.0368,35103.14
F 12,0.0379,37803.14
F 12,0.0386,40503.14
F 12,0.0377,43203.14
F 12,0.0386,45903.14
F 12,0.038,48603.14
F 12,0.0371,51303.14
F 12,0.0375,54003.14
F 12,0.0381,56703.14
F 12,0.0384,59403.14
F 12,0.0375,62103.14
F 12,0.0372,64803.14
F 12,0.0381,67503.14
F 12,0.0374,70203.14
F 12,0.0383,72903.14
F 12,0.0371,75603.14
F 12,0.0364,78303.14
F 12,0.0374,81003.14
F 12,0.0369,83703.14
G 1,0.05,3.77
G 1,0.049,2703.76
G 1,0.0495,5403.76
G 1,0.0494,8103.76
G 1,0.0495,10803.76
G 1,0.0493,13503.76
G 1,0.0495,16203.76
G 1,0.0485,18903.76
G 1,0.0501,21603.76
G 1,0.0494,24303.76
G 1,0.0499,27003.76
G 1,0.0488,29703.76
G 1,0.0489,32403.76
G 1,0.0495,35103.76
G 1,0.0498,37803.76
G 1,0.0501,40503.76
G 1,0.0506,43203.76
G 1,0.0501,45903.76
G 1,0.0493,48603.76
G 1,0.0489,51303.76
G 1,0.0496,54003.76
G 1,0.0496,56703.76
G 1,0.0496,59403.76
G 1,0.049,62103.76
G 1,0.0502,64803.76
G 1,0.0488,67503.76
G 1,0.0497,70203.76
G 1,0.0499,72903.76
G 1,0.0493,75603.76
G 1,0.05,78303.76
G 1,0.0489,81003.76
G 1,0.049,83703.76
G 2,0.0495,3.78
G 2,0.0488,2703.78
G 2,0.0497,5403.78
G 2,0.0488,8103.78
G 2,0.0491,10803.78
G 2,0.049,13503.78
G 2,0.0494,16203.78
G 2,0.0481,18903.78
G 2,0.0485,21603.78
G 2,0.0496,24303.78
G 2,0.0496,27003.78
G 2,0.0494,29703.78
G 2,0.0489,32403.78
G 2,0.0487,35103.78
G 2,0.0491,37803.78
G 2,0.05,40503.78
G 2,0.049,43203.78
G 2,0.0494,45903.78
G 2,0.0491,48603.78
G 2,0.049,51303.78
G 2,0.0489,54003.78
G 2,0.0482,56703.78
G 2,0.0487,59403.78
G 2,0.0491,62103.78
G 2,0.0484,64803.78
G 2,0.0481,67503.78
G 2,0.0493,70203.78
G 2,0.0493,72903.78
G 2,0.0494,75603.78
G 2,0.049,78303.78
G 2,0.0489,81003.78
G 2,0.0479,83703.78
G 3,0.049,3.8
G 3,0.0482,2703.8
G 3,0.0487,5403.8
G 3,0.0487,8103.8
G 3,0.0482,10803.8
G 3,0.0482,13503.8
G 3,0.0479,16203.8
G 3,0.0475,18903.8
G 3,0.049,21603.8
G 3,0.0478,24303.8
G 3,0.0487,27003.8
G 3,0.0484,29703.8
G 3,0.0481,32403.8
G 3,0.0476,35103.8
G 3,0.0476,37803.8
G 3,0.0486,40503.8
G 3,0.0484,43203.8
G 3,0.049,45903.8
G 3,0.048,48603.8
G 3,0.0483,51303.8
G 3,0.0476,54003.8
G 3,0.0476,56703.8
G 3,0.0486,59403.8
G 3,0.0477,62103.8
G 3,0.0486,64803.8
G 3,0.0483,67503.8
G 3,0.0494,70203.8
G 3,0.0489,72903.8
G 3,0.0479,75603.8
G 3,0.0478,78303.8
G 3,0.048,81003.8
G 3,0.0474,83703.8
G 4,0.0498,3.82
G 4,0.049,2703.82
G 4,0.0503,5403.82
G 4,0.0495,8103.82
G 4,0.0504,10803.82
G 4,0.0496,13503.82
G 4,0.0499,16203.82
G 4,0.0492,18903.82
G 4,0.0497,21603.82
G 4,0.0499,24303.82
G 4,0.0495,27003.82
G 4,0.0498,29703.82
G 4,0.0494,32403.82
G 4,0.0489,35103.82
G 4,0.0496,37803.82
G 4,0.0507,40503.82
G 4,0.0502,43203.82
G 4,0.05,45903.82
G 4,0.0502,48603.82
G 4,0.0496,51303.82
G 4,0.0502,54003.82
G 4,0.05,56703.82
G 4,0.0495,59403.82
G 4,0.0491,62103.82
G 4,0.0497,64803.82
G 4,0.0497,67503.82
G 4,0.0498,70203.82
G 4,0.0502,72903.82
G 4,0.0499,75603.82
G 4,0.0492,78303.82
G 4,0.0493,81003.82
G 4,0.0486,83703.82
G 5,0.0476,3.84
G 5,0.0471,2703.84
G 5,0.0481,5403.84
G 5,0.0476,8103.84
G 5,0.0476,10803.84
G 5,0.0474,13503.84
G 5,0.047,16203.84
G 5,0.0464,18903.84
G 5,0.0482,21603.84
G 5,0.0476,24303.84
G 5,0.0479,27003.84
G 5,0.0475,29703.84
G 5,0.0475,32403.84
G 5,0.0472,35103.84
G 5,0.0478,37803.84
G 5,0.0478,40503.84
G 5,0.0479,43203.84
G 5,0.0483,45903.84
G 5,0.0476,48603.84
G 5,0.0469,51303.84
G 5,0.0474,54003.84
G 5,0.0485,56703.84
G 5,0.0471,59403.84
G 5,0.0474,62103.84
G 5,0.0475,64803.84
G 5,0.0472,67503.84
G 5,0.048,70203.84
G 5,0.048,72903.84
G 5,0.0476,75603.84
G 5,0.0475,78303.84
G 5,0.0472,81003.84
G 5,0.0471,83703.84
G 6,0.048,3.86
G 6,0.0471,2703.86
G 6,0.0479,5403.86
G 6,0.0477,8103.86
G 6,0.0477,10803.86
G 6,0.0481,13503.86
G 6,0.0465,16203.86
G 6,0.0468,18903.86
G 6,0.047,21603.86
G 6,0.0477,24303.86
G 6,0.048,27003.86
G 6,0.0479,29703.86
G 6,0.0478,32403.86
G 6,0.0466,35103.86
G 6,0.0476,37803.86
G 6,0.0478,40503.86
G 6,0.0479,43203.86
G 6,0.0479,45903.86
G 6,0.0474,48603.86
G 6,0.0472,51303.86
G 6,0.0468,54003.86
G 6,0.047,56703.86
G 6,0.0473,59403.86
G 6,0.0477,62103.86
G 6,0.047,64803.86
G 6,0.0469,67503.86
G 6,0.0478,70203.86
G 6,0.0482,72903.86
G 6,0.0473,75603.86
G 6,0.0475,78303.86
G 6,0.0469,81003.86
G 6,0.0473,83703.86
G 7,0.0485,3.88
G 7,0.0488,2703.88
G 7,0.0481,5403.87
G 7,0.0479,8103.87
G 7,0.0485,10803.87
G 7,0.0481,13503.87
G 7,0.0476,16203.87
G 7,0.047,18903.88
G 7,0.0482,21603.87
G 7,0.0483,24303.88
G 7,0.0485,27003.87
G 7,0.0477,29703.87
G 7,0.0474,32403.87
G 7,0.0475,35103.87
G 7,0.0485,37803.87
G 7,0.0482,40503.87
G 7,0.0483,43203.87
G 7,0.049,45903.87
G 7,0.0477,48603.88
G 7,0.0467,51303.87
G 7,0.0477,54003.87
G 7,0.0478,56703.87
G 7,0.0481,59403.88
G 7,0.0476,62103.87
G 7,0.0475,64803.87
G 7,0.0478,67503.88
G 7,0.0477,70203.87
G 7,0.0483,72903.87
G 7,0.0478,75603.87
G 7,0.0483,78303.87
G 7,0.0477,81003.87
G 7,0.0474,83703.88
G 8,0.0488,3.89
G 8,0.0473,2703.89
G 8,0.0473,5403.89
G 8,0.0476,8103.89
G 8,0.0474,10803.89
G 8,0.0478,13503.89
G 8,0.0473,16203.89
G 8,0.047,18903.89
G 8,0.0474,21603.89
G 8,0.0468,24303.89
G 8,0.0476,27003.89
G 8,0.0475,29703.89
G 8,0.0476,32403.89
G 8,0.047,35103.89
G 8,0.0475,37803.89
G 8,0.0481,40503.89
G 8,0.0481,43203.89
G 8,0.0481,45903.89
G 8,0.0473,48603.89
G 8,0.0469,51303.89
G 8,0.0477,54003.89
G 8,0.0479,56703.89
G 8,0.0472,59403.89
G 8,0.0475,62103.89
G 8,0.0473,64803.89
G 8,0.0477,67503.89
G 8,0.0477,70203.89
G 8,0.0487,72903.89
G 8,0.0477,75603.89
G 8,0.0473,78303.89
G 8,0.0466,81003.89
G 8,0.0464,83703.89
G 9,0.048,3.91
G 9,0.0474,2703.91
G 9,0.0478,5403.91
G 9,0.0475,8103.91
G 9,0.0475,10803.91
G 9,0.0466,13503.91
G 9,0.0482,16203.91
G 9,0.0461,18903.91
G 9,0.0476,21603.91
G 9,0.0473,24303.91
G 9,0.0479,27003.91
G 9,0.0476,29703.91
G 9,0.0477,32403.91
G 9,0.047,35103.91
G 9,0.0474,37803.91
G 9,0.0478,40503.91
G 9,0.048,43203.91
G 9,0.0479,45903.91
G 9,0.0476,48603.91
G 9,0.0471,51303.91
G 9,0.0471,54003.91
G 9,0.0474,56703.91
G 9,0.0463,59403.91
G 9,0.0477,62103.91
G 9,0.0467,64803.91
G 9,0.0472,67503.91
G 9,0.0472,70203.91
G 9,0.0482,72903.91
G 9,0.0482,75603.91
G 9,0.0473,78303.91
G 9,0.0466,81003.91
G 9,0.0469,83703.91
G 10,0.0475,3.93
G 10,0.0475,2703.93
G 10,0.0481,5403.93
G 10,0.0475,8103.93
G 10,0.0478,10803.93
G 10,0.0481,13503.93
G 10,0.0478,16203.93
G 10,0.0469,18903.93
G 10,0.0475,21603.93
G 10,0.0474,24303.93
G 10,0.047,27003.93
G 10,0.0477,29703.93
G 10,0.0473,32403.93
G 10,0.0463,35103.93
G 10,0.0479,37803.93
G 10,0.0482,40503.93
G 10,0.0484,43203.93
G 10,0.0479,45903.93
G 10,0.0474,48603.93
G 10,0.047,51303.93
G 10,0.047,54003.93
G 10,0.0475,56703.93
G 10,0.0474,59403.93
G 10,0.0478,62103.93
G 10,0.0474,64803.93
G 10,0.0469,67503.93
G 10,0.0482,70203.93
G 10,0.0481,72903.93
G 10,0.0481,75603.93
G 10,0.0468,78303.93
G 10,0.0475,81003.93
G 10,0.047,83703.93
G 11,0.0479,3.95
G 11,0.0469,2703.95
G 11,0.0469,5403.95
G 11,0.0466,8103.95
G 11,0.0474,10803.95
G 11,0.0473,13503.95
G 11,0.0466,16203.95
G 11,0.0468,18903.95
G 11,0.047,21603.95
G 11,0.0474,24303.95
G 11,0.0473,27003.95
G 11,0.0472,29703.95
G 11,0.0468,32403.95
G 11,0.0471,35103.95
G 11,0.0477,37803.95
G 11,0.0476,40503.95
G 11,0.0479,43203.95
G 11,0.0471,45903.95
G 11,0.0469,48603.95
G 11,0.0464,51303.95
G 11,0.0469,54003.95
G 11,0.047,56703.95
G 11,0.0473,59403.95
G 11,0.0469,62103.95
G 11,0.0473,64803.95
G 11,0.0464,67503.95
G 11,0.0479,70203.95
G 11,0.0477,72903.95
G 11,0.0459,75603.95
G 11,0.0469,78303.95
G 11,0.0463,81003.95
G 11,0.0458,83703.95
G 12,0.0477,3.97
G 12,0.0473,2703.97
G 12,0.0472,5403.97
G 12,0.0473,8103.97
G 12,0.0474,10803.97
G 12,0.0478,13503.97
G 12,0.0469,16203.97
G 12,0.0464,18903.97
G 12,0.0468,21603.97
G 12,0.0475,24303.97
G 12,0.0477,27003.97
G 12,0.0474,29703.97
G 12,0.0473,32403.97
G 12,0.0465,35103.97
G 12,0.0474,37803.97
G 12,0.0477,40503.97
G 12,0.0481,43203.97
G 12,0.0483,45903.97
G 12,0.0483,48603.97
G 12,0.0472,51303.97
G 12,0.0473,54003.97
G 12,0.0476,56703.97
G 12,0.0474,59403.97
G 12,0.0469,62103.97
G 12,0.047,64803.97
G 12,0.0465,67503.97
G 12,0.0468,70203.97
G 12,0.0477,72903.97
G 12,0.0474,75603.97
G 12,0.047,78303.97
G 12,0.0467,81003.97
G 12,0.0467,83703.97
H 1,0.0484,4.6
H 1,0.0474,2704.59
H 1,0.0478,5404.59
H 1,0.0479,8104.59
H 1,0.048,10804.59
H 1,0.0482,13504.59
H 1,0.0477,16204.59
H 1,0.0474,18904.59
H 1,0.0485,21604.59
H 1,0.0487,24304.59
H 1,0.0482,27004.59
H 1,0.0482,29704.59
H 1,0.0479,32404.59
H 1,0.0474,35104.59
H 1,0.0482,37804.59
H 1,0.0485,40504.59
H 1,0.0483,43204.59
H 1,0.0485,45904.59
H 1,0.0484,48604.6
H 1,0.0474,51304.59
H 1,0.048,54004.59
H 1,0.0482,56704.59
H 1,0.0482,59404.59
H 1,0.0471,62104.59
H 1,0.0474,64804.59
H 1,0.0478,67504.59
H 1,0.0481,70204.59
H 1,0.0482,72904.59
H 1,0.0481,75604.59
H 1,0.048,78304.59
H 1,0.0484,81004.59
H 1,0.0472,83704.59
H 2,0.0501,4.58
H 2,0.0495,2704.58
H 2,0.0505,5404.58
H 2,0.0496,8104.58
H 2,0.0504,10804.58
H 2,0.0495,13504.58
H 2,0.0509,16204.58
H 2,0.0494,18904.58
H 2,0.0505,21604.58
H 2,0.0504,24304.58
H 2,0.0505,27004.58
H 2,0.0505,29704.58
H 2,0.0499,32404.58
H 2,0.0492,35104.58
H 2,0.0507,37804.58
H 2,0.0504,40504.58
H 2,0.0508,43204.58
H 2,0.0517,45904.58
H 2,0.0499,48604.58
H 2,0.0501,51304.58
H 2,0.0496,54004.58
H 2,0.0502,56704.58
H 2,0.0502,59404.58
H 2,0.0496,62104.58
H 2,0.05,64804.58
H 2,0.0498,67504.58
H 2,0.0503,70204.58
H 2,0.0504,72904.58
H 2,0.0498,75604.58
H 2,0.0496,78304.58
H 2,0.0501,81004.58
H 2,0.0503,83704.58
H 3,0.049,4.56
H 3,0.0477,2704.56
H 3,0.0482,5404.56
H 3,0.0477,8104.56
H 3,0.0486,10804.56
H 3,0.0484,13504.56
H 3,0.0483,16204.56
H 3,0.0474,18904.56
H 3,0.048,21604.56
H 3,0.0477,24304.56
H 3,0.0486,27004.56
H 3,0.0475,29704.56
H 3,0.0483,32404.56
H 3,0.048,35104.56
H 3,0.0485,37804.56
H 3,0.0487,40504.56
H 3,0.0486,43204.56
H 3,0.049,45904.56
H 3,0.0482,48604.56
H 3,0.0474,51304.56
H 3,0.048,54004.56
H 3,0.0484,56704.56
H 3,0.0477,59404.56
H 3,0.0472,62104.56
H 3,0.0479,64804.56
H 3,0.0477,67504.56
H 3,0.0482,70204.56
H 3,0.0479,72904.56
H 3,0.0486,75604.56
H 3,0.0482,78304.56
H 3,0.0482,81004.56
H 3,0.048,83704.56
H 4,0.0497,4.54
H 4,0.0489,2704.54
H 4,0.0485,5404.54
H 4,0.0488,8104.54
H 4,0.0494,10804.54
H 4,0.0494,13504.54
H 4,0.0487,16204.54
H 4,0.0477,18904.54
H 4,0.0486,21604.54
H 4,0.0496,24304.54
H 4,0.0493,27004.54
H 4,0.0487,29704.54
H 4,0.0489,32404.54
H 4,0.0481,35104.54
H 4,0.0484,37804.54
H 4,0.0491,40504.54
H 4,0.0498,43204.54
H 4,0.0496,45904.54
H 4,0.0488,48604.54
H 4,0.0484,51304.54
H 4,0.0488,54004.54
H 4,0.0489,56704.54
H 4,0.0487,59404.54
H 4,0.0488,62104.54
H 4,0.0482,64804.54
H 4,0.0485,67504.54
H 4,0.0492,70204.54
H 4,0.0495,72904.54
H 4,0.0489,75604.54
H 4,0.0492,78304.54
H 4,0.0486,81004.54
H 4,0.0481,83704.54
H 5,0.0484,4.52
H 5,0.0484,2704.52
H 5,0.0488,5404.52
H 5,0.0482,8104.52
H 5,0.0488,10804.52
H 5,0.0491,13504.52
H 5,0.0478,16204.52
H 5,0.0481,18904.52
H 5,0.049,21604.52
H 5,0.0487,24304.52
H 5,0.0487,27004.52
H 5,0.0484,29704.52
H 5,0.0484,32404.52
H 5,0.0485,35104.52
H 5,0.0483,37804.52
H 5,0.0491,40504.52
H 5,0.0491,43204.52
H 5,0.0492,45904.52
H 5,0.049,48604.52
H 5,0.0486,51304.52
H 5,0.0481,54004.52
H 5,0.0486,56704.52
H 5,0.0477,59404.52
H 5,0.0485,62104.52
H 5,0.0484,64804.52
H 5,0.0479,67504.52
H 5,0.0483,70204.52
H 5,0.049,72904.52
H 5,0.0487,75604.52
H 5,0.0486,78304.52
H 5,0.0487,81004.52
H 5,0.0482,83704.52
H 6,0.0493,4.5
H 6,0.0491,2704.5
H 6,0.0487,5404.5
H 6,0.0483,8104.5
H 6,0.0491,10804.5
H 6,0.049,13504.5
H 6,0.0493,16204.5
H 6,0.0477,18904.5
H 6,0.0492,21604.5
H 6,0.0487,24304.5
H 6,0.049,27004.5
H 6,0.0483,29704.5
H 6,0.0493,32404.5
H 6,0.0483,35104.5
H 6,0.0487,37804.5
H 6,0.0496,40504.5
H 6,0.0496,43204.5
H 6,0.0501,45904.5
H 6,0.0491,48604.5
H 6,0.0485,51304.5
H 6,0.0481,54004.5
H 6,0.0491,56704.5
H 6,0.0484,59404.5
H 6,0.0481,62104.5
H 6,0.0486,64804.5
H 6,0.0489,67504.5
H 6,0.049,70204.5
H 6,0.0494,72904.5
H 6,0.0492,75604.5
H 6,0.0483,78304.5
H 6,0.0487,81004.5
H 6,0.0483,83704.5
H 7,0.049,4.49
H 7,0.0476,2704.48
H 7,0.0479,5404.48
H 7,0.0473,8104.48
H 7,0.0479,10804.48
H 7,0.0479,13504.48
H 7,0.048,16204.48
H 7,0.0467,18904.48
H 7,0.0482,21604.48
H 7,0.0478,24304.48
H 7,0.0482,27004.48
H 7,0.0477,29704.48
H 7,0.0487,32404.48
H 7,0.0478,35104.48
H 7,0.0478,37804.48
H 7,0.0485,40504.48
H 7,0.0479,43204.48
H 7,0.0479,45904.48
H 7,0.0488,48604.48
H 7,0.0472,51304.48
H 7,0.0476,54004.48
H 7,0.0475,56704.48
H 7,0.048,59404.48
H 7,0.0484,62104.48
H 7,0.0483,64804.48
H 7,0.0475,67504.48
H 7,0.0477,70204.48
H 7,0.0485,72904.48
H 7,0.0483,75604.48
H 7,0.0478,78304.48
H 7,0.0479,81004.48
H 7,0.0473,83704.48
H 8,0.0479,4.47
H 8,0.047,2704.47
H 8,0.0472,5404.47
H 8,0.0469,8104.47
H 8,0.0473,10804.47
H 8,0.0475,13504.47
H 8,0.0477,16204.47
H 8,0.0465,18904.47
H 8,0.0471,21604.47
H 8,0.0476,24304.47
H 8,0.0478,27004.47
H 8,0.0477,29704.47
H 8,0.0473,32404.47
H 8,0.0474,35104.47
H 8,0.0472,37804.47
H 8,0.0476,40504.47
H 8,0.0476,43204.47
H 8,0.048,45904.47
H 8,0.0475,48604.47
H 8,0.0472,51304.47
H 8,0.0473,54004.47
H 8,0.0475,56704.47
H 8,0.0472,59404.47
H 8,0.0472,62104.47
H 8,0.0467,64804.47
H 8,0.047,67504.47
H 8,0.047,70204.47
H 8,0.0474,72904.47
H 8,0.0482,75604.47
H 8,0.0468,78304.47
H 8,0.0464,81004.47
H 8,0.0473,83704.47
H 9,0.0503,4.45
H 9,0.05,2704.45
H 9,0.0505,5404.45
H 9,0.0504,8104.45
H 9,0.0503,10804.45
H 9,0.0502,13504.45
H 9,0.0499,16204.45
H 9,0.0499,18904.45
H 9,0.0507,21604.45
H 9,0.0504,24304.45
H 9,0.0504,27004.45
H 9,0.0504,29704.45
H 9,0.0503,32404.45
H 9,0.0493,35104.45
H 9,0.0502,37804.45
H 9,0.0505,40504.45
H 9,0.05,43204.45
H 9,0.0509,45904.45
H 9,0.0501,48604.45
H 9,0.0495,51304.45
H 9,0.0498,54004.45
H 9,0.0493,56704.45
H 9,0.0502,59404.45
H 9,0.0506,62104.45
H 9,0.05,64804.45
H 9,0.0502,67504.45
H 9,0.0503,70204.45
H 9,0.0505,72904.45
H 9,0.05,75604.45
H 9,0.05,78304.45
H 9,0.05,81004.45
H 9,0.05,83704.45
H 10,0.0473,4.43
H 10,0.0467,2704.43
H 10,0.0467,5404.43
H 10,0.0477,8104.43
H 10,0.0476,10804.43
H 10,0.0474,13504.43
H 10,0.0475,16204.43
H 10,0.0466,18904.43
H 10,0.0473,21604.43
H 10,0.0475,24304.43
H 10,0.0478,27004.43
H 10,0.0466,29704.43
H 10,0.0474,32404.43
H 10,0.0464,35104.43
H 10,0.0472,37804.43
H 10,0.0476,40504.43
H 10,0.0472,43204.43
H 10,0.0478,45904.43
H 10,0.0477,48604.43
H 10,0.0468,51304.43
H 10,0.0469,54004.43
H 10,0.0478,56704.43
H 10,0.0468,59404.43
H 10,0.0466,62104.43
H 10,0.047,64804.43
H 10,0.0466,67504.43
H 10,0.0477,70204.43
H 10,0.0476,72904.43
H 10,0.0474,75604.43
H 10,0.047,78304.43
H 10,0.0467,81004.43
H 10,0.0472,83704.43
H 11,0.0475,4.41
H 11,0.0468,2704.41
H 11,0.0467,5404.41
H 11,0.0464,8104.41
H 11,0.0471,10804.41
H 11,0.0472,13504.41
H 11,0.0464,16204.41
H 11,0.0463,18904.41
H 11,0.0471,21604.41
H 11,0.0471,24304.41
H 11,0.047,27004.41
H 11,0.0468,29704.41
H 11,0.0468,32404.41
H 11,0.046,35104.41
H 11,0.0466,37804.41
H 11,0.0476,40504.41
H 11,0.0472,43204.41
H 11,0.0477,45904.41
H 11,0.0475,48604.41
H 11,0.0463,51304.41
H 11,0.0464,54004.41
H 11,0.0471,56704.41
H 11,0.0463,59404.41
H 11,0.0473,62104.41
H 11,0.0468,64804.41
H 11,0.047,67504.41
H 11,0.0474,70204.41
H 11,0.0478,72904.41
H 11,0.047,75604.41
H 11,0.0462,78304.41
H 11,0.0468,81004.41
H 11,0.0458,83704.41
H 12,0.048,4.39
H 12,0.0464,2704.39
H 12,0.0474,5404.39
H 12,0.0464,8104.39
H 12,0.0476,10804.39
H 12,0.0471,13504.39
H 12,0.0469,16204.39
H 12,0.0466,18904.39
H 12,0.0471,21604.39
H 12,0.0473,24304.39
H 12,0.0472,27004.39
H 12,0.0472,29704.39
H 12,0.0465,32404.39
H 12,0.0462,35104.39
H 12,0.0471,37804.39
H 12,0.0475,40504.39
H 12,0.0474,43204.39
H 12,0.0468,45904.39
H 12,0.0466,48604.39
H 12,0.0463,51304.39
H 12,0.0469,54004.39
H 12,0.0467,56704.39
H 12,0.0465,59404.39
H 12,0.0462,62104.39
H 12,0.0462,64804.39
H 12,0.0472,67504.39
H 12,0.0469,70204.39
H 12,0.0473,72904.39
H 12,0.0474,75604.39
H 12,0.047,78304.39
H 12,0.0473,81004.39
H 12,0.0464,83704.39